﻿[
  {
    "n": {
      "identity": 0,
      "labels": [
        "Movie"
      ],
      "properties": {
        "tagline": "Welcome to the Real World",
        "title": "The Matrix",
        "released": 1999
      },
      "elementId": "4:8489fc02-bf1a-4e5f-8116-f1d8c480089e:0"
    }
  },
  {
    "n": {
      "identity": 1,
      "labels": [
        "Person"
      ],
      "properties": {
        "born": 1964,
        "name": "Keanu Reeves"
      },
      "elementId": "4:8489fc02-bf1a-4e5f-8116-f1d8c480089e:1"
    }
  },
  {
    "n": {
      "identity": 2,
      "labels": [
        "Person"
      ],
      "properties": {
        "born": 1967,
        "name": "Carrie-Anne Moss"
      },
      "elementId": "4:8489fc02-bf1a-4e5f-8116-f1d8c480089e:2"
    }
  },
  {
    "n": {
      "identity": 3,
      "labels": [
        "Person"
      ],
      "properties": {
        "born": 1961,
        "name": "Laurence Fishburne"
      },
      "elementId": "4:8489fc02-bf1a-4e5f-8116-f1d8c480089e:3"
    }
  },
  {
    "n": {
      "identity": 4,
      "labels": [
        "Person"
      ],
      "properties": {
        "born": 1960,
        "name": "Hugo Weaving"
      },
      "elementId": "4:8489fc02-bf1a-4e5f-8116-f1d8c480089e:4"
    }
  },
  {
    "n": {
      "identity": 5,
      "labels": [
        "Person"
      ],
      "properties": {
        "born": 1967,
        "name": "Andy Wachowski"
      },
      "elementId": "4:8489fc02-bf1a-4e5f-8116-f1d8c480089e:5"
    }
  },
  {
    "n": {
      "identity": 6,
      "labels": [
        "Person"
      ],
      "properties": {
        "born": 1965,
        "name": "Lana Wachowski"
      },
      "elementId": "4:8489fc02-bf1a-4e5f-8116-f1d8c480089e:6"
    }
  },
  {
    "n": {
      "identity": 7,
      "labels": [
        "Person"
      ],
      "properties": {
        "born": 1952,
        "name": "Joel Silver"
      },
      "elementId": "4:8489fc02-bf1a-4e5f-8116-f1d8c480089e:7"
    }
  },
  {
    "n": {
      "identity": 8,
      "labels": [
        "Person"
      ],
      "properties": {
        "born": 1978,
        "name": "Emil Eifrem"
      },
      "elementId": "4:8489fc02-bf1a-4e5f-8116-f1d8c480089e:8"
    }
  },
  {
    "n": {
      "identity": 9,
      "labels": [
        "Movie"
      ],
      "properties": {
        "tagline": "Free your mind",
        "title": "The Matrix Reloaded",
        "released": 2003
      },
      "elementId": "4:8489fc02-bf1a-4e5f-8116-f1d8c480089e:9"
    }
  },
  {
    "n": {
      "identity": 10,
      "labels": [
        "Movie"
      ],
      "properties": {
        "tagline": "Everything that has a beginning has an end",
        "title": "The Matrix Revolutions",
        "released": 2003
      },
      "elementId": "4:8489fc02-bf1a-4e5f-8116-f1d8c480089e:10"
    }
  },
  {
    "n": {
      "identity": 11,
      "labels": [
        "Movie"
      ],
      "properties": {
        "tagline": "Evil has its winning ways",
        "title": "The Devil's Advocate",
        "released": 1997
      },
      "elementId": "4:8489fc02-bf1a-4e5f-8116-f1d8c480089e:11"
    }
  },
  {
    "n": {
      "identity": 12,
      "labels": [
        "Person"
      ],
      "properties": {
        "born": 1975,
        "name": "Charlize Theron"
      },
      "elementId": "4:8489fc02-bf1a-4e5f-8116-f1d8c480089e:12"
    }
  },
  {
    "n": {
      "identity": 13,
      "labels": [
        "Person"
      ],
      "properties": {
        "born": 1940,
        "name": "Al Pacino"
      },
      "elementId": "4:8489fc02-bf1a-4e5f-8116-f1d8c480089e:13"
    }
  },
  {
    "n": {
      "identity": 14,
      "labels": [
        "Person"
      ],
      "properties": {
        "born": 1944,
        "name": "Taylor Hackford"
      },
      "elementId": "4:8489fc02-bf1a-4e5f-8116-f1d8c480089e:14"
    }
  },
  {
    "n": {
      "identity": 15,
      "labels": [
        "Movie"
      ],
      "properties": {
        "tagline": "In the heart of the nation's capital, in a courthouse of the U.S. government, one man will stop at nothing to keep his honor, and one will stop at nothing to find the truth.",
        "title": "A Few Good Men",
        "released": 1992
      },
      "elementId": "4:8489fc02-bf1a-4e5f-8116-f1d8c480089e:15"
    }
  },
  {
    "n": {
      "identity": 16,
      "labels": [
        "Person"
      ],
      "properties": {
        "born": 1962,
        "name": "Tom Cruise"
      },
      "elementId": "4:8489fc02-bf1a-4e5f-8116-f1d8c480089e:16"
    }
  },
  {
    "n": {
      "identity": 17,
      "labels": [
        "Person"
      ],
      "properties": {
        "born": 1937,
        "name": "Jack Nicholson"
      },
      "elementId": "4:8489fc02-bf1a-4e5f-8116-f1d8c480089e:17"
    }
  },
  {
    "n": {
      "identity": 18,
      "labels": [
        "Person"
      ],
      "properties": {
        "born": 1962,
        "name": "Demi Moore"
      },
      "elementId": "4:8489fc02-bf1a-4e5f-8116-f1d8c480089e:18"
    }
  },
  {
    "n": {
      "identity": 19,
      "labels": [
        "Person"
      ],
      "properties": {
        "born": 1958,
        "name": "Kevin Bacon"
      },
      "elementId": "4:8489fc02-bf1a-4e5f-8116-f1d8c480089e:19"
    }
  },
  {
    "n": {
      "identity": 20,
      "labels": [
        "Person"
      ],
      "properties": {
        "born": 1966,
        "name": "Kiefer Sutherland"
      },
      "elementId": "4:8489fc02-bf1a-4e5f-8116-f1d8c480089e:20"
    }
  },
  {
    "n": {
      "identity": 21,
      "labels": [
        "Person"
      ],
      "properties": {
        "born": 1971,
        "name": "Noah Wyle"
      },
      "elementId": "4:8489fc02-bf1a-4e5f-8116-f1d8c480089e:21"
    }
  },
  {
    "n": {
      "identity": 22,
      "labels": [
        "Person"
      ],
      "properties": {
        "born": 1968,
        "name": "Cuba Gooding Jr."
      },
      "elementId": "4:8489fc02-bf1a-4e5f-8116-f1d8c480089e:22"
    }
  },
  {
    "n": {
      "identity": 23,
      "labels": [
        "Person"
      ],
      "properties": {
        "born": 1957,
        "name": "Kevin Pollak"
      },
      "elementId": "4:8489fc02-bf1a-4e5f-8116-f1d8c480089e:23"
    }
  },
  {
    "n": {
      "identity": 24,
      "labels": [
        "Person"
      ],
      "properties": {
        "born": 1943,
        "name": "J.T. Walsh"
      },
      "elementId": "4:8489fc02-bf1a-4e5f-8116-f1d8c480089e:24"
    }
  }
]