Ship_Date,Average_Cost,Daily_Cost,Running_Total,Moving_Average
2009-01-02,97.36,24.340000,24.340000,24.3400000000
2009-01-03,17.54,8.770000,33.110000,16.5550000000
2009-01-04,21.81,4.362000,37.472000,12.4906666667
2009-01-05,51.66,12.915000,50.387000,12.5967500000
2009-01-06,21.48,10.740000,61.127000,12.2254000000
2009-01-07,37.56,4.695000,65.822000,10.9703333333
2009-01-08,109.38,15.625714,81.447714,11.6353877143
2009-01-09,5.30,5.300000,86.747714,8.9153877143
2009-01-10,125.19,15.648750,102.396464,9.8980662857
2009-01-11,92.13,30.710000,133.106464,13.6620662857
2009-01-12,7.90,3.950000,137.056464,12.3813520000
2009-01-13,37.01,9.252500,146.308964,12.1688520000
2009-01-14,163.27,20.408750,166.717714,14.4136734286
2009-01-15,108.01,12.001111,178.718825,13.8958730000
2009-01-16,162.92,14.810909,193.529734,15.2545742857
2009-01-17,46.02,6.574286,200.104020,13.9582222857
2009-01-18,92.59,9.259000,209.363020,10.8937937143
2009-01-19,144.95,14.495000,223.858020,12.4002222857
2009-01-20,132.62,18.945714,242.803734,13.7849671429
2009-01-21,23.90,4.780000,247.583734,11.5522885714
2009-01-22,146.60,16.288889,263.872623,12.1648282857
2009-01-23,220.88,20.080000,283.952623,12.9175555714
2009-01-24,50.62,12.655000,296.607623,13.7862290000
2009-01-25,18.60,6.200000,302.807623,13.3492290000
2009-01-26,104.57,20.914000,323.721623,14.2662290000
2009-01-27,68.35,17.087500,340.809123,14.0007698571
2009-01-28,204.86,20.486000,361.295123,16.2444841429
2009-01-29,28.78,5.756000,367.051123,14.7397857143
2009-01-30,11.26,3.753333,370.804456,12.4074047143
2009-01-31,95.60,23.900000,394.704456,14.0138332857
2009-02-01,55.46,18.486667,413.191123,15.7690714286
2009-02-02,24.76,4.952000,418.143123,13.4887857143
2009-02-03,30.69,6.138000,424.281123,11.9245714286
2009-02-04,72.86,10.408571,434.689694,10.4849387143
2009-02-05,24.28,4.856000,439.545694,10.3563672857
2009-02-06,24.47,4.078333,443.624027,10.4027958571
2009-02-07,73.29,18.322500,461.946527,9.6060101429
2009-02-08,56.37,9.395000,471.341527,8.3072005714
2009-02-09,101.79,11.310000,482.651527,9.2154862857
2009-02-10,85.47,21.367500,504.019027,11.3911291429
2009-02-11,57.89,14.472500,518.491527,11.9716904286
2009-02-12,63.44,9.062857,527.554384,12.5726700000
2009-02-13,84.36,14.060000,541.614384,13.9986224286
2009-02-14,53.11,13.277500,554.891884,13.2779081429
2009-02-15,179.18,19.908889,574.800773,14.7798922857
2009-02-16,209.23,34.871667,609.672440,18.1458447143
2009-02-17,17.14,3.428000,613.100440,15.5830590000
2009-02-18,84.22,21.055000,634.155440,16.5234161429
2009-02-19,66.34,13.268000,647.423440,17.1241508571
2009-02-20,102.81,14.687143,662.110583,17.2137427143
2009-02-21,34.72,4.960000,667.070583,16.0255284286
2009-02-22,58.72,9.786667,676.857250,14.5794967143
2009-02-23,71.57,17.892500,694.749750,12.1539014286
2009-02-24,26.66,8.886667,703.636417,12.9337110000
2009-02-25,173.51,86.755000,790.391417,22.3194252857
2009-02-26,114.36,19.060000,809.451417,23.1468538571
2009-02-27,150.46,16.717778,826.169195,23.4369445714
2009-02-28,30.95,5.158333,831.327528,23.4652778571
2009-03-01,35.00,35.000000,866.327528,27.0671825714
2009-03-02,110.56,36.853333,903.180861,29.7758730000
2009-03-03,23.33,7.776667,910.957528,29.6173015714
2009-03-04,40.59,10.147500,921.105028,18.6733730000
2009-03-05,37.48,7.496000,928.601028,17.0213730000
2009-03-06,195.00,17.727273,946.328301,17.1655865714
2009-03-07,108.94,13.617500,959.945801,18.3740390000
2009-03-08,96.78,19.356000,979.301801,16.1391818571
2009-03-09,140.13,10.779231,990.081032,12.4143101429
2009-03-10,66.05,13.210000,1003.291032,13.1905005714
2009-03-11,40.49,13.496667,1016.787699,13.6689530000
2009-03-12,69.61,13.922000,1030.709699,14.5869530000
2009-03-13,69.93,11.655000,1042.364699,13.7194854286
2009-03-14,121.91,15.238750,1057.603449,13.9510925714
2009-03-15,216.78,43.356000,1100.959449,17.3796640000
2009-03-16,85.40,12.200000,1113.159449,17.5826310000
2009-03-17,72.04,18.010000,1131.169449,18.2683452857
2009-03-18,20.63,5.157500,1136.326949,17.0770357143
2009-03-19,144.96,16.106667,1152.433616,17.3891310000
2009-03-20,137.62,19.660000,1172.093616,18.5327024286
2009-03-21,14.25,7.125000,1179.218616,17.3735952857
2009-03-22,112.65,14.081250,1193.299866,13.1914881429
2009-03-23,38.15,6.358333,1199.658199,12.3569642857
2009-03-24,80.72,11.531429,1211.189628,11.4314541429
2009-03-25,194.94,14.995385,1226.185013,12.8368662857
2009-03-26,83.98,16.796000,1242.981013,12.9353424286
2009-03-27,51.33,8.555000,1251.536013,11.3489138571
2009-03-28,179.83,11.988667,1263.524680,12.0437234286
2009-03-29,75.30,6.845455,1270.370135,11.0100384286
2009-03-30,71.49,23.830000,1294.200135,13.5059908571
2009-03-31,52.49,10.498000,1304.698135,13.3583581429
2009-04-01,127.73,18.247143,1322.945278,13.8228950000
2009-04-02,120.66,24.132000,1347.077278,14.8708950000
2009-04-03,107.13,15.304286,1362.381564,15.8350787143
2009-04-04,82.34,13.723333,1376.104897,16.0828881429
2009-04-05,26.23,5.246000,1381.350897,15.8543945714
2009-04-06,39.54,13.180000,1394.530897,14.3329660000
2009-04-07,235.09,23.509000,1418.039897,16.1916802857
2009-04-08,44.90,5.612500,1423.652397,14.3867312857
2009-04-09,14.79,7.395000,1431.047397,11.9957312857
2009-04-10,130.40,21.733333,1452.780730,12.9141665714
2009-04-11,157.68,13.140000,1465.920730,12.8308332857
2009-04-12,25.80,6.450000,1472.370730,13.0028332857
2009-04-13,42.93,8.586000,1480.956730,12.3465475714
2009-04-14,75.08,15.016000,1495.972730,11.1332618571
2009-04-15,76.90,12.816667,1508.789397,12.1624285714
2009-04-16,6.69,2.230000,1511.019397,11.4245714286
2009-04-17,80.34,13.390000,1524.409397,10.2326667143
2009-04-18,104.17,17.361667,1541.771064,10.8357620000
2009-04-19,105.90,17.650000,1559.421064,12.4357620000
2009-04-20,12.30,3.075000,1562.496064,11.6484762857
2009-04-21,219.18,27.397500,1589.893564,13.4172620000
2009-04-22,47.37,11.842500,1601.736064,13.2780952857
2009-04-23,30.03,5.005000,1606.741064,13.6745238571
2009-04-24,89.72,14.953333,1621.694397,13.8978571429
2009-04-25,273.62,54.724000,1676.418397,19.2353332857
2009-04-26,70.55,14.110000,1690.528397,18.7296190000
2009-04-27,35.85,8.962500,1699.490897,19.5706904286
2009-04-28,24.63,4.926000,1704.416897,16.3604761429
2009-04-29,14.83,4.943333,1709.360230,15.3748808571
2009-04-30,140.98,15.664444,1725.024674,16.8976585714
2009-05-01,113.60,16.228571,1741.253245,17.0798354286
2009-05-02,199.04,18.094545,1759.347790,11.8470561429
2009-05-03,65.80,32.900000,1792.247790,14.5313418571
2009-05-04,22.35,11.175000,1803.422790,14.8474132857
2009-05-05,115.40,12.822222,1816.245012,15.9754450000
2009-05-06,99.88,12.485000,1828.730012,17.0528260000
2009-05-07,76.41,15.282000,1844.012012,16.9981911429
2009-05-08,173.12,24.731429,1868.743441,18.2128851429
2009-05-09,221.96,24.662222,1893.405663,19.1511247143
2009-05-10,11.58,3.860000,1897.265663,15.0025532857
2009-05-11,170.95,21.368750,1918.634413,16.4588032857
2009-05-12,59.25,19.750000,1938.384413,17.4484858571
2009-05-13,82.98,10.372500,1948.756913,17.1467001429
2009-05-14,76.96,8.551111,1957.308024,16.1851445714
2009-05-15,36.83,5.261429,1962.569453,13.4037160000
2009-05-16,109.11,18.185000,1980.754453,12.4783985714
2009-05-17,20.68,3.446667,1984.201120,12.4193510000
2009-05-18,129.23,14.358889,1998.560009,11.4179422857
2009-05-19,9.28,3.093333,2001.653342,9.0384184286
2009-05-20,29.62,9.873333,2011.526675,8.9671088571
2009-05-21,88.02,11.002500,2022.529175,9.3173072857
2009-05-22,79.28,11.325714,2033.854889,10.1836337143
2009-05-23,117.95,13.105556,2046.960445,9.4579988571
2009-05-24,67.94,16.985000,2063.945445,11.3920464286
2009-05-25,145.32,14.532000,2078.477445,11.4167765714
2009-05-26,22.51,3.751667,2082.229112,11.5108242857
2009-05-27,113.91,9.492500,2091.721612,11.4564195714
2009-05-28,31.18,5.196667,2096.918279,10.6270148571
2009-05-29,51.54,12.885000,2109.803279,10.8497700000
2009-05-30,72.44,18.110000,2127.913279,11.5646905714
2009-05-31,23.28,7.760000,2135.673279,10.2468334286
2009-06-01,123.74,12.374000,2148.047279,9.9385477143
2009-06-02,127.85,15.981250,2164.028529,11.6856310000
2009-06-03,73.52,12.253333,2176.281862,12.0800357143
2009-06-04,46.19,5.773750,2182.055612,12.1624761429
2009-06-05,12.80,4.266667,2186.322279,10.9312857143
2009-06-06,59.89,14.972500,2201.294779,10.4830714286
2009-06-07,172.69,17.269000,2218.563779,11.8415000000
2009-06-08,119.41,14.926250,2233.490029,12.2061071429
2009-06-09,98.60,14.085714,2247.575743,11.9353162857
2009-06-10,255.06,23.187273,2270.763016,13.4973077143
2009-06-11,49.29,4.107500,2274.870516,13.2592720000
2009-06-12,66.36,11.060000,2285.930516,14.2297481429
2009-06-13,28.98,5.796000,2291.726516,12.9188195714
2009-06-14,171.22,17.122000,2308.848516,12.8978195714
2009-06-15,7.10,7.100000,2315.948516,11.7797838571
2009-06-16,74.89,12.481667,2328.430183,11.5506342857
2009-06-17,76.93,10.990000,2339.420183,9.8081667143
2009-06-18,36.81,6.135000,2345.555183,10.0978095714
2009-06-19,28.80,5.760000,2351.315183,9.3406667143
2009-06-20,63.50,31.750000,2383.065183,13.0483810000
2009-06-21,70.59,11.765000,2394.830183,12.2830952857
2009-06-22,124.42,12.442000,2407.272183,13.0462381429
2009-06-23,38.16,9.540000,2416.812183,12.6260000000
2009-06-24,99.40,12.425000,2429.237183,12.8310000000
2009-06-25,106.69,21.338000,2450.575183,15.0028571429
2009-06-26,50.77,8.461667,2459.036850,15.3888095714
2009-06-27,13.87,4.623333,2463.660183,11.5135714286
2009-06-28,73.80,24.600000,2488.260183,13.3471428571
2009-06-29,21.86,7.286667,2495.546850,12.6106667143
2009-06-30,29.36,7.340000,2502.886850,12.2963810000
2009-07-01,171.08,15.552727,2518.439577,12.7431991429
2009-07-02,121.70,17.385714,2535.825291,12.1785868571
2009-07-03,81.84,20.460000,2556.285291,13.8926344286
2009-07-04,91.47,13.067143,2569.352434,15.0988930000
2009-07-05,183.61,36.722000,2606.074434,16.8306072857
2009-07-06,68.77,22.923333,2628.997767,19.0644167143
2009-07-07,40.97,6.828333,2635.826100,18.9913214286
2009-07-08,100.80,9.163636,2644.989736,18.0785941429
2009-07-09,119.02,14.877500,2659.867236,17.7202778571
2009-07-10,29.70,14.850000,2674.717236,16.9188492857
2009-07-11,32.56,16.280000,2690.997236,17.3778288571
2009-07-12,77.55,8.616667,2699.613903,13.3627812857
2009-07-13,102.16,14.594286,2714.208189,12.1729174286
2009-07-14,95.41,13.630000,2727.838189,13.1445841429
2009-07-15,62.06,15.515000,2743.353189,14.0519218571
2009-07-16,56.73,9.455000,2752.808189,13.2772790000
2009-07-17,87.25,14.541667,2767.349856,13.2332314286
2009-07-18,43.43,4.825556,2772.175412,11.5968822857
2009-07-19,126.50,18.071429,2790.246841,12.9475625714
2009-07-20,6.05,6.050000,2796.296841,11.7269502857
2009-07-21,28.52,7.130000,2803.426841,10.7983788571
2009-07-22,73.87,8.207778,2811.634619,9.7544900000
2009-07-23,59.68,9.946667,2821.581286,9.8247281429
2009-07-24,31.64,7.910000,2829.491286,8.8773471429
2009-07-25,54.29,10.858000,2840.349286,9.7391248571
2009-07-26,25.62,6.405000,2846.754286,8.0724921429
2009-07-27,0.49,0.490000,2847.244286,7.2782064286
2009-07-28,110.21,13.776250,2861.020536,8.2276707143
2009-07-29,104.77,14.967143,2875.987679,9.1932942857
2009-07-30,94.40,18.880000,2894.867679,10.4694847143
2009-07-31,72.91,14.582000,2909.449679,11.4226275714
2009-08-01,155.79,11.127857,2920.577536,11.4611785714
2009-08-02,73.44,10.491429,2931.068965,12.0449541429
2009-08-03,85.30,14.216667,2945.285632,14.0059065714
2009-08-04,123.36,15.420000,2960.705632,14.2407280000
2009-08-05,18.13,4.532500,2965.238132,12.7500647143
2009-08-06,33.01,5.501667,2970.739799,10.8388742857
2009-08-07,164.08,13.673333,2984.413132,10.7090647143
2009-08-08,20.91,4.182000,2988.595132,9.7167994286
2009-08-09,10.76,3.586667,2992.181799,8.7304048571
2009-08-10,95.21,13.601429,3005.783228,8.6425137143
2009-08-11,5.03,5.030000,3010.813228,7.1582280000
2009-08-12,124.22,13.802222,3024.615450,8.4824740000
2009-08-13,65.40,9.342857,3033.958307,9.0312154286
2009-08-14,84.44,28.146667,3062.104974,11.0988345714
2009-08-15,59.06,5.906000,3068.010974,11.3451202857
2009-08-16,110.96,7.925714,3075.936688,11.9649841429
2009-08-17,88.90,14.816667,3090.753355,12.1385895714
2009-08-18,171.56,24.508571,3115.261926,14.9212425714
2009-08-19,87.54,21.885000,3137.146926,16.0759251429
2009-08-20,91.57,10.174444,3147.321370,16.1947232857
2009-08-21,32.93,8.232500,3155.553870,13.3498422857
2009-08-22,147.29,29.458000,3185.011870,16.7144137143
2009-08-23,156.70,22.385714,3207.397584,18.7801280000
2009-08-24,178.61,16.237273,3223.634857,18.9830717143
2009-08-25,87.86,21.965000,3245.599857,18.6197044286
2009-08-26,137.54,22.923333,3268.523190,18.7680377143
2009-08-27,70.56,11.760000,3280.283190,18.9945457143
2009-08-28,93.06,23.265000,3303.548190,21.1420457143
2009-08-29,57.10,7.137500,3310.685690,17.9534028571
2009-08-30,141.00,47.000000,3357.685690,21.4697294286
2009-08-31,11.40,3.800000,3361.485690,19.6929761429
2009-09-01,23.37,5.842500,3367.328190,17.3897618571
2009-09-02,31.44,6.288000,3373.616190,15.0132857143
2009-09-03,9.07,9.070000,3382.686190,14.6290000000
2009-09-04,31.56,7.890000,3390.576190,12.4325714286
2009-09-05,49.30,6.162500,3396.738690,12.2932857143
2009-09-06,45.98,11.495000,3408.233690,7.2211428571
2009-09-07,42.35,14.116667,3422.350357,8.6949524286
2009-09-08,17.38,5.793333,3428.143690,8.6879285714
2009-09-09,81.76,27.253333,3455.397023,11.6829761429
2009-09-10,138.91,8.681875,3464.078898,11.6275297143
2009-09-11,64.35,16.087500,3480.166398,12.7986011429
2009-09-12,97.05,9.705000,3489.871398,13.3046725714
2009-09-13,67.08,9.582857,3499.454255,13.0315092857
2009-09-14,56.95,8.135714,3507.589969,12.1770874286
2009-09-15,178.24,19.804444,3527.394413,14.1786747143
2009-09-16,174.15,29.025000,3556.419413,14.4317700000
2009-09-17,52.67,6.583750,3563.003163,14.1320378571
2009-09-18,51.16,8.526667,3571.529830,13.0519188571
2009-09-19,56.93,5.175455,3576.705285,12.4048410000
2009-09-20,24.17,4.834000,3581.539285,11.7264328571
2009-09-21,39.83,5.690000,3587.229285,11.3770451429
2009-09-22,8.70,2.900000,3590.129285,8.9621245714
2009-09-23,1.49,0.745000,3590.874285,4.9221245714
2009-09-24,51.70,8.616667,3599.490952,5.2125412857
2009-09-25,157.74,15.774000,3615.264952,6.2478745714
2009-09-26,66.97,13.394000,3628.658952,7.4219524286
2009-09-27,121.67,15.208750,3643.867702,8.9040595714
2009-09-28,41.14,8.228000,3652.095702,9.2666310000
2009-09-29,35.17,7.034000,3659.129702,9.8572024286
2009-09-30,50.88,8.480000,3667.609702,10.9622024286
2009-10-01,108.46,18.076667,3685.686369,12.3136310000
2009-10-02,42.98,14.326667,3700.013036,12.1068691429
2009-10-03,45.43,11.357500,3711.370536,11.8159405714
2009-10-04,127.84,21.306667,3732.677203,12.6870715714
2009-10-05,26.17,6.542500,3739.219703,12.4462858571
2009-10-06,13.20,6.600000,3745.819703,12.3842858571
2009-10-07,13.48,3.370000,3749.189703,11.6542858571
2009-10-08,18.08,4.520000,3753.709703,9.7176191429
2009-10-09,4.86,2.430000,3756.139703,8.0180952857
2009-10-10,80.95,10.118750,3766.258453,7.8411310000
2009-10-11,29.31,5.862000,3772.120453,5.6347500000
2009-10-12,21.59,5.397500,3777.517953,5.4711785714
2009-10-13,24.72,6.180000,3783.697953,5.4111785714
2009-10-14,52.22,26.110000,3809.807953,8.6597500000
2009-10-15,22.02,5.505000,3815.312953,8.8004642857
2009-10-16,27.24,9.080000,3824.392953,9.7504642857
2009-10-17,29.21,5.842000,3830.234953,9.1395000000
2009-10-18,29.73,9.910000,3840.144953,9.7177857143
2009-10-19,62.43,12.486000,3852.630953,10.7304285714
2009-10-20,27.13,6.782500,3859.413453,10.8165000000
2009-10-21,144.46,14.446000,3873.859453,9.1502142857
2009-10-22,95.44,15.906667,3889.766120,10.6361667143
2009-10-23,95.18,15.863333,3905.629453,11.6052142857
2009-10-24,41.83,10.457500,3916.086953,12.2645714286
2009-10-25,80.98,10.122500,3926.209453,12.2949285714
2009-10-26,63.59,15.897500,3942.106953,12.7822857143
2009-10-27,51.74,17.246667,3959.353620,14.2771667143
2009-10-28,9.43,4.715000,3964.068620,12.8870238571
2009-10-29,24.12,6.030000,3970.098620,11.4760714286
2009-10-30,81.67,8.167000,3978.265620,10.3765952857
2009-10-31,12.86,3.215000,3981.480620,9.3419524286
2009-11-01,104.02,9.456364,3990.936984,9.2467901429
2009-11-02,31.70,7.925000,3998.861984,8.1078615714
2009-11-03,96.74,19.348000,4018.209984,8.4080520000
2009-11-04,292.59,18.286875,4036.496859,10.3468912857
2009-11-05,60.71,12.142000,4048.638859,11.2200341429
2009-11-06,33.32,8.330000,4056.968859,11.2433198571
2009-11-07,99.88,12.485000,4069.453859,12.5676055714
2009-11-08,186.48,23.310000,4092.763859,14.5466964286
2009-11-09,6.29,3.145000,4095.908859,13.8638392857
2009-11-10,64.96,9.280000,4105.188859,12.4255535714
2009-11-11,27.13,9.043333,4114.232192,11.1050475714
2009-11-12,118.25,19.708333,4133.940525,12.1859522857
2009-11-13,68.70,13.740000,4147.680525,12.9588094286
2009-11-14,40.22,13.406667,4161.087192,13.0904761429
2009-11-15,54.80,7.828571,4168.915763,10.8788434286
2009-11-16,57.00,9.500000,4178.415763,11.7867005714
2009-11-17,134.94,22.490000,4200.905763,13.6738434286
2009-11-18,21.21,7.070000,4207.975763,13.3919387143
2009-11-19,72.01,14.402000,4222.377763,12.6338911429
2009-11-20,13.02,4.340000,4226.717763,11.2910340000
2009-11-21,219.94,19.994545,4246.712308,12.2321594286
2009-11-22,116.81,16.687143,4263.399451,13.4976697143
2009-11-23,64.47,12.894000,4276.293451,13.9825268571
2009-11-24,42.04,14.013333,4290.306784,12.7715744286
2009-11-25,130.25,13.025000,4303.331784,13.6222887143
2009-11-26,56.74,6.304444,4309.636228,12.4654950000
2009-11-27,27.23,6.807500,4316.443728,12.8179950000
2009-11-28,40.45,8.090000,4324.533728,11.1173457143
2009-11-29,38.93,7.786000,4332.319728,9.8457538571
2009-11-30,82.16,11.737143,4344.056871,9.6804885714
2009-12-01,67.11,8.388750,4352.445621,8.8769767143
2009-12-02,96.60,13.800000,4366.245621,8.9876910000
2009-12-03,165.85,27.641667,4393.887288,12.0358657143
2009-12-04,81.10,11.585714,4405.473002,12.7184677143
2009-12-05,16.52,5.506667,4410.979669,12.3494201429
2009-12-06,146.50,20.928571,4431.908240,14.2269302857
2009-12-07,25.67,5.134000,4437.042240,13.2836241429
2009-12-08,26.31,6.577500,4443.619740,13.0248741429
2009-12-09,33.12,4.731429,4448.351169,11.7293640000
2009-12-10,9.61,3.203333,4451.554502,8.2381734286
2009-12-11,101.70,16.950000,4468.504502,9.0045000000
2009-12-12,66.88,7.431111,4475.935613,9.2794205714
2009-12-13,181.53,30.255000,4506.190613,10.6117675714
2009-12-14,238.18,19.848333,4526.038946,12.7138151429
2009-12-15,111.50,22.300000,4548.338946,14.9598865714
2009-12-16,16.80,5.600000,4553.938946,15.0839681429
2009-12-17,101.28,25.320000,4579.258946,18.2434920000
2009-12-18,59.32,19.773333,4599.032279,18.6468252857
2009-12-19,70.14,11.690000,4610.722279,19.2552380000
2009-12-20,7.08,3.540000,4614.262279,15.4388094286
2009-12-21,128.15,18.307143,4632.569422,15.2186394286
2009-12-22,48.15,6.018750,4638.588172,12.8927465714
2009-12-23,50.97,10.194000,4648.782172,13.5490322857
2009-12-24,132.32,18.902857,4667.685029,12.6322975714
2009-12-25,53.17,10.634000,4678.319029,11.3266785714
2009-12-26,102.83,20.566000,4698.885029,12.5946785714
2009-12-27,24.95,4.990000,4703.875029,12.8018214286
2009-12-28,121.69,30.422500,4734.297529,14.5325867143
2009-12-29,72.69,18.172500,4752.470029,16.2688367143
2009-12-30,90.08,18.016000,4770.486029,17.3862652857
2009-12-31,8.99,8.990000,4779.476029,15.9701428571
2010-01-01,48.96,12.240000,4791.716029,16.1995714286
2010-01-02,41.28,4.586667,4796.302696,13.9168095714
2010-01-03,193.40,17.581818,4813.884514,15.7156407143
2010-01-04,190.90,31.816667,4845.701181,15.9148074286
2010-01-05,50.18,16.726667,4862.427848,15.7082598571
2010-01-06,26.39,6.597500,4869.025348,14.0770455714
2010-01-07,76.67,19.167500,4888.192848,15.5309741429
2010-01-08,63.67,7.074444,4895.267292,14.7930375714
2010-01-09,5.76,1.920000,4897.187292,14.4120851429
2010-01-10,172.93,21.616250,4918.803542,14.9884325714
2010-01-11,136.02,11.335000,4930.138542,12.0624801429
2010-01-12,65.97,7.330000,4937.468542,10.7200991429
2010-01-13,214.58,26.822500,4964.291042,13.6093848571
2010-01-14,15.27,7.635000,4971.926042,11.9618848571
2010-01-15,155.53,12.960833,4984.886875,12.8027975714
2010-01-16,73.34,12.223333,4997.110208,14.2747022857
2010-01-17,22.55,4.510000,5001.620208,11.8309522857
2010-01-18,17.05,4.262500,5005.882708,10.8205951429
2010-01-19,93.48,18.696000,5024.578708,12.4443094286
2010-01-20,53.25,7.607143,5032.185851,9.6992584286
2010-01-21,31.78,10.593333,5042.779184,10.1218774286
2010-01-22,116.62,23.324000,5066.103184,11.6023298571
2010-01-23,87.79,14.631667,5080.734851,11.9463775714
2010-01-24,46.98,9.396000,5090.130851,12.6443775714
2010-01-25,49.64,8.273333,5098.404184,13.2173537143
2010-01-26,47.42,15.806667,5114.210851,12.8045918571
2010-01-27,87.44,14.573333,5128.784184,13.7997618571
2010-01-28,51.99,25.995000,5154.779184,16.0000000000
2010-01-29,0.50,0.500000,5155.279184,12.7394285714
2010-01-30,8.07,4.035000,5159.314184,11.2256190000
2010-01-31,52.21,8.701667,5168.015851,11.1264285714
2010-02-01,89.50,22.375000,5190.390851,13.1409524286
2010-02-02,93.84,9.384000,5199.774851,12.2234285714
2010-02-03,28.18,5.636000,5205.410851,10.9466667143
2010-02-04,128.13,42.710000,5248.120851,13.3345238571
2010-02-05,101.59,11.287778,5259.408629,14.8756350000
2010-02-06,151.18,18.897500,5278.306129,16.9988492857
2010-02-07,31.26,7.815000,5286.121129,16.8721825714
2010-02-08,48.09,16.030000,5302.151129,15.9657540000
2010-02-09,30.10,3.344444,5305.495573,15.1029602857
2010-02-10,90.93,15.155000,5320.650573,16.4628174286
2010-02-11,29.35,4.891667,5325.542240,11.0601984286
2010-02-12,133.23,22.205000,5347.747240,12.6198015714
2010-02-13,168.72,28.120000,5375.867240,13.9373015714
2010-02-14,38.32,19.160000,5395.027240,15.5580158571
2010-02-15,56.90,7.112500,5402.139740,14.2840872857
2010-02-16,58.27,29.135000,5431.274740,17.9684524286
2010-02-17,37.08,12.360000,5443.634740,17.5691667143
2010-02-18,16.45,8.225000,5451.859740,18.0453571429
2010-02-19,44.92,8.984000,5460.843740,16.1566428571
2010-02-20,76.73,12.788333,5473.632073,13.9664047143
2010-02-21,61.26,30.630000,5504.262073,15.6049761429
2010-02-22,65.36,5.941818,5510.203891,15.4377358571
2010-02-23,48.19,8.031667,5518.235558,12.4229740000
2010-02-24,41.94,4.660000,5522.895558,11.3229740000
2010-02-25,109.73,12.192222,5535.087780,11.8897200000
2010-02-26,94.70,18.940000,5554.027780,13.3120057143
2010-02-27,107.67,15.381429,5569.409209,13.6824480000
2010-02-28,89.25,14.875000,5584.284209,11.4317337143
2010-03-01,44.67,6.381429,5590.665638,11.4945352857
2010-03-02,90.91,11.363750,5602.029388,11.9705471429
2010-03-03,45.97,4.179091,5606.208479,11.9018458571
2010-03-04,132.46,16.557500,5622.765979,12.5254570000
2010-03-05,163.97,27.328333,5650.094312,13.7237902857
2010-03-06,18.90,6.300000,5656.394312,12.4264432857
2010-03-07,68.00,34.000000,5690.394312,15.1585861429
2010-03-08,60.00,60.000000,5750.394312,22.8183820000
2010-03-10,58.66,11.732000,5762.126312,22.8709891429
2010-03-11,15.48,5.160000,5767.286312,23.0111190000
2010-03-12,121.07,15.133750,5782.420062,22.8077261429
2010-03-13,33.76,8.440000,5790.860062,20.1093928571
2010-03-14,148.63,18.578750,5809.438812,21.8635000000
2010-03-15,83.25,16.650000,5826.088812,19.3849285714
2010-03-16,48.85,6.978571,5833.067383,11.8104387143
2010-03-17,13.99,13.990000,5847.057383,12.1330101429
2010-03-18,53.92,13.480000,5860.537383,13.3215815714
2010-03-19,33.69,16.845000,5877.382383,13.5660458571
2010-03-20,77.01,25.670000,5903.052383,16.0274744286
2010-03-21,109.47,27.367500,5930.419883,17.2830101429
2010-03-22,23.16,4.632000,5935.051883,15.5661530000
2010-03-23,28.86,7.215000,5942.266883,15.5999285714
2010-03-24,24.99,6.247500,5948.514383,14.4938571429
2010-03-25,21.50,7.166667,5955.681050,13.5919524286
2010-03-26,29.98,14.990000,5970.671050,13.3269524286
2010-03-27,102.43,25.607500,5996.278550,13.3180238571
2010-03-28,30.06,7.515000,6003.793550,10.4819524286
2010-03-29,70.83,14.166000,6017.959550,11.8439524286
2010-03-30,108.21,21.642000,6039.601550,13.9049524286
2010-03-31,49.00,49.000000,6088.601550,20.0124524286
2010-04-01,52.58,8.763333,6097.364883,20.2405475714
2010-04-02,24.47,4.894000,6102.258883,18.7982618571
2010-04-03,89.07,8.907000,6111.165883,16.4124761429
2010-04-04,88.19,17.638000,6128.803883,17.8586190000
2010-04-05,110.03,27.507500,6156.311383,19.7645475714
2010-04-06,70.36,14.072000,6170.383383,18.6831190000
2010-04-07,66.34,11.056667,6181.440050,13.2626428571
2010-04-08,115.41,12.823333,6194.263383,13.8426428571
2010-04-09,141.51,28.302000,6222.565383,17.1866428571
2010-04-10,118.08,10.734545,6233.299928,17.4477207143
2010-04-11,55.30,55.300000,6288.599928,22.8280064286
2010-04-12,129.13,16.141250,6304.741178,21.2042564286
2010-04-13,94.25,18.850000,6323.591178,21.8868278571
2010-04-14,11.68,5.840000,6329.431178,21.1415897143
2010-04-15,70.35,8.793750,6338.224928,20.5659350000
2010-04-16,33.19,8.297500,6346.522428,17.7081492857
2010-04-17,82.56,10.320000,6356.842428,17.6489285714
2010-04-18,37.21,6.201667,6363.044095,10.6348810000
2010-04-19,68.31,22.770000,6385.814095,11.5818452857
2010-04-20,142.37,15.818889,6401.632984,11.1488294286
2010-04-21,104.10,20.820000,6422.452984,13.2888294286
2010-04-22,102.71,20.542000,6442.994984,14.9671508571
2010-04-23,12.05,4.016667,6447.011651,14.3556032857
2010-04-24,76.36,10.908571,6457.920222,14.4396848571
2010-04-25,47.14,23.570000,6481.490222,16.9208752857
2010-04-26,19.48,3.896000,6485.386222,14.2245895714
2010-04-27,30.19,6.038000,6491.424222,12.8273197143
2010-04-28,13.71,4.570000,6495.994222,10.5058911429
2010-04-29,25.76,12.880000,6508.874222,9.4113197143
2010-04-30,115.68,19.280000,6528.154222,11.5917958571
2010-05-01,211.57,23.507778,6551.662000,13.3916825714
2010-05-02,71.19,8.898750,6560.560750,11.2957897143
2010-05-03,63.40,15.850000,6576.410750,13.0035040000
2010-05-04,50.69,12.672500,6589.083250,13.9512897143
2010-05-05,84.74,14.123333,6603.206583,15.3160515714
2010-05-06,19.06,3.176667,6606.383250,13.9298611429
2010-05-07,88.46,12.637143,6619.020393,12.9808815714
2010-05-08,145.08,13.189091,6632.209484,11.5067834286
2010-05-09,71.03,8.878750,6641.088234,11.5039262857
2010-05-10,1.39,1.390000,6642.478234,9.4382120000
2010-05-11,49.24,9.848000,6652.326234,9.0347120000
2010-05-12,74.92,6.810909,6659.137143,7.9900800000
2010-05-13,134.89,10.376154,6669.513297,9.0185781429
2010-05-14,44.18,8.836000,6678.349297,8.4755577143
2010-05-15,102.15,11.350000,6689.699297,8.2128304286
2010-05-16,125.87,12.587000,6702.286297,8.7425804286
2010-05-17,123.65,17.664286,6719.950583,11.0674784286
2010-05-18,4.51,4.510000,6724.460583,10.3049070000
2010-05-19,42.56,8.512000,6732.972583,10.5479200000
2010-05-20,74.84,9.355000,6742.327583,10.4020408571
2010-05-21,106.21,15.172857,6757.500440,11.3073061429
2010-05-22,40.20,5.025000,6762.525440,10.4037347143
2010-05-23,51.64,6.455000,6768.980440,9.5277347143
2010-05-24,69.61,13.922000,6782.902440,8.9931224286
2010-05-25,31.41,4.487143,6787.389583,8.9898571429
2010-05-26,33.85,4.231250,6791.620833,8.3783214286
2010-05-27,237.62,19.801667,6811.422500,9.8707024286
2010-05-28,103.73,12.966250,6824.388750,9.5554728571
2010-05-29,39.82,13.273333,6837.662083,10.7338061429
2010-05-30,7.82,2.606667,6840.268750,10.1840442857
2010-05-31,16.97,5.656667,6845.925417,9.0032824286
2010-06-01,10.75,5.375000,6851.300417,9.1301191429
2010-06-02,86.54,17.308000,6868.608417,10.9982262857
2010-06-03,103.93,17.321667,6885.930084,10.6439405714
2010-06-04,72.45,24.150000,6910.080084,12.2416191429
2010-06-05,58.37,11.674000,6921.754084,12.0131430000
2010-06-06,24.46,6.115000,6927.869084,12.5143334286
2010-06-07,37.02,6.170000,6934.039084,12.5876667143
2010-06-08,118.59,11.859000,6945.898084,13.5139524286
2010-06-09,19.75,6.583333,6952.481417,11.9818571429
2010-06-10,15.59,7.795000,6960.276417,10.6209047143
2010-06-11,49.36,6.170000,6966.446417,8.0523332857
2010-06-12,130.53,16.316250,6982.762667,8.7155118571
2010-06-13,123.51,30.877500,7013.640167,12.2530118571
2010-06-14,18.49,6.163333,7019.803500,12.2520594286
2010-06-15,216.07,21.607000,7041.410500,13.6446308571
2010-06-16,45.11,9.022000,7050.432500,13.9930118571
2010-06-17,25.18,8.393333,7058.825833,14.0784880000
2010-06-18,114.87,12.763333,7071.589166,15.0203927143
2010-06-19,26.87,6.717500,7078.306666,13.6491427143
2010-06-20,40.52,5.065000,7083.371666,9.9616427143
2010-06-21,12.55,4.183333,7087.554999,9.6787855714
2010-06-22,23.90,4.780000,7092.334999,7.2749284286
2010-06-23,32.38,5.396667,7097.731666,6.7570237143
2010-06-24,99.28,12.410000,7110.141666,7.3308332857
2010-06-25,90.05,11.256250,7121.397916,7.1155357143
2010-06-26,102.91,14.701429,7136.099345,8.2560970000
2010-06-27,63.27,9.038571,7145.137916,8.8237500000
2010-06-28,76.09,9.511250,7154.649166,9.5848810000
2010-06-29,127.79,18.255714,7172.904880,11.5099830000
2010-06-30,21.22,10.610000,7183.514880,12.2547448571
2010-07-01,111.27,12.363333,7195.878213,12.2480781429
2010-07-02,55.90,6.987500,7202.865713,11.6382567143
2010-07-03,56.46,7.057500,7209.923213,10.5462668571
2010-07-04,72.07,18.017500,7227.940713,11.8289710000
2010-07-05,76.24,12.706667,7240.647380,12.2854591429
2010-07-06,108.65,15.521429,7256.168809,11.8948470000
2010-07-07,11.40,5.700000,7261.868809,11.1934184286
2010-07-08,32.15,8.037500,7269.906309,10.5754422857
2010-07-09,29.96,7.490000,7277.396309,10.6472280000
2010-07-10,86.84,21.710000,7299.106309,12.7404422857
2010-07-11,77.92,19.480000,7318.586309,12.9493708571
2010-07-12,114.63,14.328750,7332.915059,13.1810970000
2010-07-13,5.74,5.740000,7338.655059,11.7837500000
2010-07-15,7.28,7.280000,7345.935059,12.0094642857
2010-07-16,48.94,9.788000,7355.723059,12.2595357143
2010-07-17,13.45,3.362500,7359.085559,11.6698928571
2010-07-18,105.64,9.603636,7368.689195,9.9404122857
2010-07-19,80.53,13.421667,7382.110862,9.0749361429
2010-07-20,74.72,12.453333,7394.564195,8.8070194286
2010-07-21,90.81,8.255455,7402.819650,9.1663701429
2010-07-22,83.52,13.920000,7416.739650,10.1149415714
2010-07-23,115.74,19.290000,7436.029650,11.4723701429
2010-07-24,63.74,6.374000,7442.403650,11.9025844286
2010-07-25,145.12,14.512000,7456.915650,12.6037792857
2010-07-26,78.71,19.677500,7476.593150,13.4974697143
2010-07-27,197.10,19.710000,7496.303150,14.5341364286
2010-07-28,43.56,4.840000,7501.143150,14.0462142857
2010-07-29,183.84,26.262857,7527.406007,15.8094795714
2010-07-30,123.81,10.317500,7537.723507,14.5276938571
2010-07-31,94.15,10.461111,7548.184618,15.1115668571
2010-08-01,52.18,8.696667,7556.881285,14.2808050000
2010-08-02,83.07,11.867143,7568.748428,13.1650397143
2010-08-03,75.92,7.592000,7576.340428,11.4338968571
2010-08-04,59.00,11.800000,7588.140428,12.4281825714
2010-08-05,105.93,15.132857,7603.273285,10.8381825714
2010-08-06,78.44,8.715556,7611.988841,10.6093334286
2010-08-07,0.50,0.500000,7612.488841,9.1863175714
2010-08-08,76.11,10.872857,7623.361698,9.4972018571
2010-08-09,70.35,7.035000,7630.396698,8.8068957143
2010-08-10,117.63,10.693636,7641.090334,9.2499865714
2010-08-11,30.29,6.058000,7647.148334,8.4297008571
2010-08-12,139.18,27.836000,7674.984334,10.2444355714
2010-08-13,7.50,7.500000,7682.484334,10.0707847143
2010-08-14,50.46,10.092000,7692.576334,11.4410704286
2010-08-15,21.57,3.081429,7695.657763,10.3280092857
2010-08-16,30.51,10.170000,7705.827763,10.7758664286
2010-08-17,72.83,14.566000,7720.393763,11.3290612857
2010-08-18,15.81,5.270000,7725.663763,11.2164898571
2010-08-19,36.18,5.168571,7730.832334,7.9782857143
2010-08-20,36.06,5.151429,7735.983763,7.6427755714
2010-08-21,16.54,4.135000,7740.118763,6.7917755714
2010-08-22,132.13,33.032500,7773.151263,11.0705000000
2010-08-23,122.93,13.658889,7786.810152,11.5689127143
2010-08-24,36.19,9.047500,7795.857652,10.7805555714
2010-08-25,24.85,6.212500,7802.070152,10.9151984286
2010-08-26,41.77,5.967143,7808.037295,11.0292801429
2010-08-27,28.71,5.742000,7813.779295,11.1136474286
2010-08-28,169.45,15.404545,7829.183840,12.7235824286
2010-08-29,138.73,27.746000,7856.929840,11.9683681429
2010-08-30,52.69,7.527143,7864.456983,11.0924044286
2010-08-31,128.05,12.805000,7877.261983,11.6291901429
2010-09-01,28.64,14.320000,7891.581983,12.7874044286
2010-09-02,110.23,27.557500,7919.139483,15.8717411429
2010-09-03,73.08,14.616000,7933.755483,17.1394554286
2010-09-04,104.08,20.816000,7954.571483,17.9125204286
2010-09-05,36.17,9.042500,7963.613983,15.2405918571
2010-09-06,59.26,11.852000,7975.465983,15.8584285714
2010-09-07,135.67,67.835000,8043.300983,23.7198571429
2010-09-08,94.84,15.806667,8059.107650,23.9322381429
2010-09-09,25.58,8.526667,8067.634317,21.2135477143
2010-09-10,53.70,6.712500,8074.346817,20.0844762857
2010-09-11,183.41,22.926250,8097.273067,20.3859405714
2010-09-12,104.28,13.035000,8110.308067,20.9562977143
2010-09-13,9.62,4.810000,8115.118067,19.9502977143
2010-09-14,65.20,10.866667,8125.984734,11.8119644286
2010-09-15,104.05,17.341667,8143.326401,12.0312501429
2010-09-16,158.15,14.377273,8157.703674,12.8670510000
2010-09-17,18.91,4.727500,8162.431174,12.5834795714
2010-09-18,46.20,15.400000,8177.831174,11.5083010000
2010-09-19,100.64,14.377143,8192.208317,11.7000357143
2010-09-20,10.50,5.250000,8197.458317,11.7628928571
2010-09-21,201.92,18.356364,8215.814681,12.8328495714
2010-09-22,127.39,12.739000,8228.553681,12.1753257143
2010-09-23,143.03,17.878750,8246.432431,12.6755367143
2010-09-24,167.09,27.848333,8274.280764,15.9785128571
2010-09-25,107.66,13.457500,8287.738264,15.7010128571
2010-09-26,146.77,12.230833,8299.969097,15.3943971429
2010-09-27,58.40,5.309091,8305.278188,15.4028387143
2010-09-28,8.45,4.225000,8309.503188,13.3840724286
2010-09-29,36.85,7.370000,8316.873188,12.6170724286
2010-09-30,130.52,21.753333,8338.626521,13.1705842857
2010-10-01,53.13,7.590000,8346.216521,10.2765367143
2010-10-02,40.89,5.111250,8351.327771,9.0842152857
2010-10-03,114.19,9.515833,8360.843604,8.6963581429
2010-10-04,40.65,10.162500,8371.006104,9.3897022857
2010-10-05,46.28,9.256000,8380.262104,10.1084165714
2010-10-06,27.21,5.442000,8385.704104,9.8329880000
2010-10-07,41.92,20.960000,8406.664104,9.7196547143
2010-10-08,24.62,6.155000,8412.819104,9.5146547143
2010-10-09,125.08,15.635000,8428.454104,11.0180475714
2010-10-10,133.95,22.325000,8450.779104,12.8479285714
2010-10-11,65.94,13.188000,8463.967104,13.2801428571
2010-10-12,12.85,4.283333,8468.250437,12.5697618571
2010-10-13,185.53,16.866364,8485.116801,14.2018138571
2010-10-14,119.32,17.045714,8502.162515,13.6426301429
2010-10-15,44.46,7.410000,8509.572515,13.8219158571
2010-10-16,115.47,12.830000,8522.402515,13.4212015714
2010-10-17,83.98,20.995000,8543.397515,13.2312015714
2010-10-18,102.65,20.530000,8563.927515,14.2800587143
2010-10-19,51.79,25.895000,8589.822515,17.3674397143
2010-10-20,93.92,11.740000,8601.562515,16.6351020000
2010-10-21,49.64,16.546667,8618.109182,16.5638095714
2010-10-22,35.78,11.926667,8630.035849,17.2090477143
2010-10-23,108.78,21.756000,8651.791849,18.4841905714
2010-10-24,122.01,30.502500,8682.294349,19.8424048571
2010-10-25,99.45,12.431250,8694.725599,18.6854405714
2010-10-26,59.41,7.426250,8702.151849,16.0470477143
2010-10-27,109.74,15.677143,8717.828992,16.6094967143
2010-10-28,180.28,16.389091,8734.218083,16.5869858571
2010-10-29,18.30,9.150000,8743.368083,16.1903191429
2010-10-30,191.97,19.197000,8762.565083,15.8247477143
2010-10-31,113.01,12.556667,8775.121750,13.2610572857
2010-11-01,137.68,27.536000,8802.657750,15.4188787143
2010-11-02,65.57,21.856667,8824.514417,17.4803668571
2010-11-03,32.56,6.512000,8831.026417,16.1710607143
2010-11-04,28.06,4.676667,8835.703084,14.4978572857
2010-11-05,69.29,11.548333,8847.251417,14.8404762857
2010-11-06,16.21,2.701667,8849.953084,12.4840001429
2010-11-07,13.20,6.600000,8856.553084,11.6330477143
2010-11-08,32.52,5.420000,8861.973084,8.4736191429
2010-11-09,102.98,14.711429,8876.684513,7.4528708571
2010-11-10,133.13,13.313000,8889.997513,8.4244422857
2010-11-11,97.06,19.412000,8909.409513,10.5294898571
2010-11-12,51.00,17.000000,8926.409513,11.3082994286
2010-11-13,48.38,8.063333,8934.472846,12.0742517143
2010-11-14,114.87,22.974000,8957.446846,14.4133945714
2010-11-15,287.31,26.119091,8983.565937,17.3704075714
2010-11-17,68.34,34.170000,9017.735937,20.1502034286
2010-11-18,109.01,21.802000,9039.537937,21.3629177143
2010-11-19,137.38,11.448333,9050.986270,20.2252510000
2010-11-20,79.38,9.922500,9060.908770,19.2141795714
2010-11-21,27.42,6.855000,9067.763770,19.0415605714
2010-11-22,56.80,9.466667,9077.230437,17.1119415714
2010-11-23,123.97,17.710000,9094.940437,15.9106428571
2010-11-24,40.57,8.114000,9103.054437,12.1883571429
2010-11-25,53.71,5.967778,9109.022215,9.9263254286
2010-11-26,103.67,9.424545,9118.446760,9.6372128571
2010-11-27,73.60,10.514286,9128.961046,9.7217537143
2010-11-28,37.26,9.315000,9138.276046,10.0731822857
2010-11-29,103.55,20.710000,9158.986046,11.6793727143
2010-11-30,27.48,9.160000,9168.146046,10.4579441429
2010-12-01,116.41,14.551250,9182.697296,11.3775512857
2010-12-02,94.18,13.454286,9196.151582,12.4470524286
2010-12-03,56.65,18.883333,9215.034915,13.7983078571
2010-12-04,153.50,12.791667,9227.826582,14.1236480000
2010-12-05,31.11,4.444286,9232.270868,13.4278317143
2010-12-06,19.15,4.787500,9237.058368,11.1531888571
2010-12-07,0.49,0.490000,9237.548368,9.9146174286
2010-12-08,26.48,6.620000,9244.168368,8.7815817143
2010-12-09,123.52,17.645714,9261.814082,9.3803571429
2010-12-10,26.92,5.384000,9267.198082,7.4518810000
2010-12-11,30.26,7.565000,9274.763082,6.7052142857
2010-12-12,172.64,34.528000,9309.291082,11.0028877143
2010-12-13,102.15,10.215000,9319.506082,11.7782448571
2010-12-14,102.75,12.843750,9332.349832,13.5430662857
2010-12-15,83.46,13.910000,9346.259832,14.5844948571
2010-12-16,67.10,7.455556,9353.715388,13.1287580000
2010-12-17,151.12,21.588571,9375.303959,15.4436967143
2010-12-18,106.60,26.650000,9401.953959,18.1701252857
2010-12-19,26.59,6.647500,9408.601459,14.1871967143
2010-12-20,15.54,3.885000,9412.486459,13.2829110000
2010-12-21,97.23,13.890000,9426.376459,13.4323752857
2010-12-22,62.29,10.381667,9436.758126,12.9283277143
2010-12-23,83.67,11.952857,9448.710983,13.5707992857
2010-12-24,38.52,9.630000,9458.340983,11.8624320000
2010-12-25,163.81,40.952500,9499.293483,13.9056462857
2010-12-26,179.53,16.320909,9515.614392,15.2875618571
2010-12-27,135.51,19.358571,9534.972963,17.4980720000
2010-12-28,72.19,36.095000,9571.067963,20.6702148571
2010-12-29,89.93,14.988333,9586.056296,21.3283100000
2010-12-30,154.29,14.026364,9600.082660,21.6245252857
2010-12-31,14.39,14.390000,9614.472660,22.3045252857
2011-01-01,5.01,5.010000,9619.482660,17.1698824286
2011-01-02,42.29,10.572500,9630.055160,16.3486811429
2011-01-03,77.15,15.430000,9645.485160,15.7874567143
2011-01-04,22.88,3.813333,9649.298493,11.1757900000
2011-01-05,91.80,18.360000,9667.658493,11.6574567143
2011-01-06,62.91,15.727500,9683.385993,11.9004761429
2011-01-07,81.84,10.230000,9693.615993,11.3061904286
2011-01-08,12.75,3.187500,9696.803493,11.0458332857
2011-01-09,123.18,15.397500,9712.200993,11.7351190000
2011-01-10,24.41,6.102500,9718.303493,10.4026190000
2011-01-11,43.69,7.281667,9725.585160,10.8980952857
2011-01-12,42.54,6.077143,9731.662303,9.1434014286
2011-01-13,83.07,10.383750,9742.046053,8.3800085714
2011-01-14,28.19,7.047500,9749.093553,7.9253657143
2011-01-15,71.77,17.942500,9767.036053,10.0332228571
2011-01-16,109.99,15.712857,9782.748910,10.0782738571
2011-01-17,98.57,12.321250,9795.070160,10.9666667143
2011-01-18,1.39,1.390000,9796.460160,10.1250000000
2011-01-19,114.53,19.088333,9815.548493,11.9837414286
2011-01-20,30.57,7.642500,9823.190993,11.5921342857
2011-01-21,10.67,3.556667,9826.747660,11.0934438571
2011-01-22,203.52,29.074286,9855.821946,12.6836990000
2011-01-23,28.09,5.618000,9861.439946,11.2415765714
2011-01-24,17.71,3.542000,9864.981946,9.9873980000
2011-01-25,62.44,31.220000,9896.201946,14.2488265714
2011-01-26,14.82,2.470000,9898.671946,11.8747790000
2011-01-27,118.59,16.941429,9915.613375,13.2031974286
2011-01-28,18.80,4.700000,9920.313375,13.3665307143
2011-01-29,12.93,3.232500,9923.545875,9.6748470000
2011-01-30,52.92,10.584000,9934.129875,10.3842755714
2011-01-31,39.95,7.990000,9942.119875,11.0197041429
2011-02-01,72.75,14.550000,9956.669875,8.6382755714
2011-02-02,90.34,11.292500,9967.962375,9.8986327143
2011-02-03,11.16,3.720000,9971.682375,8.0098571429
2011-02-04,11.51,3.836667,9975.519042,7.8865238571
2011-02-05,49.24,9.848000,9985.367042,8.8315952857
2011-02-06,142.25,17.781250,10003.148292,9.8597738571
2011-02-07,112.15,22.430000,10025.578292,11.9226310000
2011-02-08,22.73,7.576667,10033.154959,10.9264405714
2011-02-09,126.46,21.076667,10054.231626,12.3241787143
2011-02-10,41.53,4.614444,10058.846070,12.4519564286
2011-02-11,113.57,8.736154,10067.582224,13.1518831429
2011-02-12,62.76,12.552000,10080.134224,13.5381688571
2011-02-13,172.86,34.572000,10114.706224,15.9368474286
2011-02-14,302.12,43.160000,10157.866224,18.8982760000
2011-02-15,169.07,16.907000,10174.773224,20.2311807143
2011-02-16,124.88,20.813333,10195.586557,20.1935615714
2011-02-17,103.73,12.966250,10208.552807,21.3866767143
2011-02-18,8.02,2.673333,10211.226140,20.5205594286
2011-02-19,36.31,9.077500,10220.303640,20.0242022857
2011-02-20,20.48,10.240000,10230.543640,16.5482022857
2011-02-21,235.08,19.590000,10250.133640,13.1810594286
2011-02-22,20.13,5.032500,10255.166140,11.4847022857
2011-02-23,34.98,8.745000,10263.911140,9.7606547143
2011-02-24,9.06,3.020000,10266.931140,8.3397618571
2011-02-25,85.12,12.160000,10279.091140,9.6950000000
2011-02-26,52.54,7.505714,10286.596854,9.4704591429
2011-02-27,65.23,6.523000,10293.119854,8.9394591429
2011-02-28,6.21,3.105000,10296.224854,6.5844591429
2011-03-01,19.99,19.990000,10316.214854,8.7212448571
2011-03-02,28.36,9.453333,10325.668187,8.8224352857
2011-03-03,9.96,3.320000,10328.988187,8.8652924286
2011-03-04,30.12,15.060000,10344.048187,9.2795781429
2011-03-05,158.15,14.377273,10358.425460,10.2612294286
2011-03-06,101.44,14.491429,10372.916889,11.3995764286
2011-03-07,156.48,13.040000,10385.956889,12.8188621429
2011-03-08,18.97,3.794000,10389.750889,10.5051478571
2011-03-09,24.10,6.025000,10395.775889,10.0153860000
2011-03-10,174.83,24.975714,10420.751603,13.1090594286
2011-03-11,87.23,12.461429,10433.213032,12.7378350000
2011-03-12,185.80,15.483333,10448.696365,12.8958435714
2011-03-13,82.59,27.530000,10476.226365,14.7584965714
2011-03-14,48.94,12.235000,10488.461365,14.6434965714
2011-03-15,31.39,7.847500,10496.308865,15.2225680000
2011-03-16,123.25,12.325000,10508.633865,16.1225680000
2011-03-17,87.79,21.947500,10530.581365,15.6899660000
2011-03-18,50.38,6.297500,10536.878865,14.8094047143
2011-03-19,111.13,15.875714,10552.754579,14.8654591429
2011-03-20,37.12,5.302857,10558.057436,11.6901530000
2011-03-21,10.07,3.356667,10561.414103,10.4218197143
2011-03-22,79.09,15.818000,10577.232103,11.5604625714
2011-03-23,102.57,14.652857,10591.884960,11.8930135714
2011-03-24,26.60,6.650000,10598.534960,9.7076564286
2011-03-25,47.68,11.920000,10610.454960,10.5108707143
2011-03-26,71.77,17.942500,10628.397460,10.8061258571
2011-03-27,52.83,8.805000,10637.202460,11.3064320000
2011-03-28,139.33,19.904286,10657.106746,13.6703775714
2011-03-29,14.82,7.410000,10664.516746,12.4692347143
2011-03-30,21.23,7.076667,10671.593413,11.3869218571
2011-03-31,0.50,0.500000,10672.093413,10.5083504286
2011-04-01,150.84,16.760000,10688.853413,11.1997790000
2011-04-02,93.72,15.620000,10704.473413,10.8679932857
2011-04-03,19.16,3.193333,10707.666746,10.0663265714
2011-04-04,110.15,13.768750,10721.435496,9.1898214286
2011-04-05,30.90,10.300000,10731.735496,9.6026785714
2011-04-06,27.14,6.785000,10738.520496,9.5610118571
2011-04-07,59.33,11.866000,10750.386496,11.1847261429
2011-04-08,70.21,14.042000,10764.428496,10.7964404286
2011-04-09,116.68,16.668571,10781.097067,10.9462362857
2011-04-10,117.58,29.395000,10810.492067,14.6893315714
2011-04-11,87.34,17.468000,10827.960067,15.2177958571
2011-04-12,1.99,1.990000,10829.950067,14.0306530000
2011-04-13,131.99,14.665556,10844.615623,15.1564467143
2011-04-14,19.28,4.820000,10849.435623,14.1498752857
2011-04-15,128.51,25.702000,10875.137623,15.8155895714
2011-04-16,66.67,11.111667,10886.249290,15.0217461429
2011-04-17,66.09,13.218000,10899.467290,12.7107461429
2011-04-18,28.54,5.708000,10905.175290,11.0307461429
2011-04-19,37.64,6.273333,10911.448623,11.6426508571
2011-04-20,67.93,9.704286,10921.152909,10.9338980000
2011-04-21,27.35,9.116667,10930.269576,11.5477075714
2011-04-22,137.37,19.624286,10949.893862,10.6794627143
2011-04-23,4.92,1.640000,10951.533862,9.3263674286
2011-04-24,21.24,5.310000,10956.843862,8.1966531429
2011-04-25,120.55,17.221429,10974.065291,9.8414287143
2011-04-26,60.12,10.020000,10984.085291,10.3766668571
2011-04-27,79.85,13.308333,10997.393624,10.8915307143
2011-04-28,24.79,4.958000,11002.351624,10.2974354286
2011-04-30,218.34,36.390000,11038.741624,12.6925374286
2011-05-01,10.59,3.530000,11042.271624,12.9625374286
2011-05-02,123.95,13.772222,11056.043846,14.1714262857
2011-05-03,73.48,12.246667,11068.290513,13.4607460000
2011-05-04,12.96,2.160000,11070.450513,12.3378888571
2011-05-05,154.02,15.402000,11085.852513,12.6369841429
2011-05-06,29.88,7.470000,11093.322513,12.9958412857
2011-05-07,104.40,14.914286,11108.236799,9.9278821429
2011-05-08,11.74,3.913333,11112.150132,9.9826440000
2011-05-09,89.29,14.881667,11127.031799,10.1411361429
2011-05-10,203.40,18.490909,11145.522708,11.0331707143
2011-05-11,69.20,34.600000,11180.122708,15.6674564286
2011-05-12,50.49,25.245000,11205.367708,17.0735992857
2011-05-13,160.25,32.050000,11237.417708,20.5850278571
2011-05-14,20.45,6.816667,11244.234375,19.4282251429
2011-05-15,31.33,4.475714,11248.710089,19.5085652857
2011-05-16,4.62,4.620000,11253.330089,18.0426128571
2011-05-17,2.40,2.400000,11255.730089,15.7439115714
2011-05-18,57.74,9.623333,11265.353422,12.1758162857
2011-05-19,34.78,6.956000,11272.309422,9.5631020000
2011-05-20,11.20,5.600000,11277.909422,5.7845305714
2011-05-21,159.92,8.416842,11286.326264,6.0131270000
2011-05-22,153.00,15.300000,11301.626264,7.5594535714
2011-05-23,71.16,14.232000,11315.858264,8.9325964286
2011-05-24,68.01,11.335000,11327.193264,10.2090250000
2011-05-25,25.76,5.152000,11332.345264,9.5702631429
2011-05-26,69.40,9.914286,11342.259550,9.9928754286
2011-05-27,14.57,3.642500,11345.902050,9.7132325714
2011-05-28,31.87,6.374000,11352.276050,9.4213980000
2011-05-29,120.85,15.106250,11367.382300,9.3937194286
2011-05-30,76.64,15.328000,11382.710300,9.5502908571
2011-05-31,15.03,3.757500,11386.467800,8.4677908571
2011-06-01,73.32,18.330000,11404.797800,10.3503622857
2011-06-02,203.48,18.498182,11423.295982,11.5766331429
2011-06-03,164.94,20.617500,11443.913482,14.0016331429
2011-06-04,87.49,17.498000,11461.411482,15.5907760000
2011-06-05,123.60,13.733333,11475.144815,15.3946450000
2011-06-06,43.21,8.642000,11483.786815,14.4395021429
2011-06-07,132.42,13.242000,11497.028815,15.7944307143
2011-06-08,145.54,29.108000,11526.136815,17.3341450000
2011-06-09,81.33,13.555000,11539.691815,16.6279761429
2011-06-10,41.85,4.650000,11544.341815,14.3469047143
2011-06-11,74.63,37.315000,11581.656815,17.1779047143
2011-06-12,32.87,4.108750,11585.765565,15.8029642857
2011-06-13,78.01,19.502500,11605.268065,17.3544642857
2011-06-14,21.84,5.460000,11610.728065,16.2427500000
2011-06-15,67.76,16.940000,11627.668065,14.5044642857
2011-06-16,30.31,10.103333,11637.771398,14.0113690000
2011-06-17,81.94,10.242500,11648.013898,14.8102975714
2011-06-18,97.32,13.902857,11661.916755,11.4657057143
2011-06-19,75.95,15.190000,11677.106755,13.0487414286
2011-06-20,15.68,15.680000,11692.786755,12.5026700000
2011-06-21,73.08,10.440000,11703.226755,13.2140985714
2011-06-22,76.52,6.956364,11710.183119,11.7878648571
2011-06-23,73.08,9.135000,11719.318119,11.6495315714
2011-06-24,67.50,16.875000,11736.193119,12.5970315714
2011-06-25,68.93,6.893000,11743.086119,11.5956234286
2011-06-26,30.26,15.130000,11758.216119,11.5870520000
2011-06-27,9.20,4.600000,11762.816119,10.0041948571
2011-06-28,76.51,25.503333,11788.319452,12.1560995714
2011-06-29,42.96,14.320000,11802.639452,13.2080475714
2011-06-30,30.25,7.562500,11810.201952,12.9834047143
2011-07-01,94.38,15.730000,11825.931952,12.8198332857
2011-07-02,251.26,35.894286,11861.826238,16.9628741429
2011-07-03,80.30,16.060000,11877.886238,17.0957312857
2011-07-04,21.99,5.497500,11883.383738,17.2239455714
2011-07-05,131.34,14.593333,11897.977071,15.6653741429
2011-07-06,14.86,7.430000,11905.407071,14.6810884286
2011-07-07,57.16,9.526667,11914.933738,14.9616837143
2011-07-08,6.02,6.020000,11920.953738,13.5745408571
2011-07-09,89.55,12.792857,11933.746595,10.2743367143
2011-07-10,24.83,6.207500,11939.954095,8.8668367143
2011-07-11,76.73,19.182500,11959.136595,10.8218367143
2011-07-12,59.72,9.953333,11969.089928,10.1589795714
2011-07-13,6.33,3.165000,11972.254928,9.5496938571
2011-07-14,45.27,5.030000,11977.284928,8.9073128571
2011-07-15,25.08,4.180000,11981.464928,8.6444557143
2011-07-16,176.73,35.346000,12016.810928,11.8663332857
2011-07-17,95.50,10.611111,12027.422039,12.4954205714
2011-07-18,74.89,24.963333,12052.385372,13.3212538571
2011-07-19,95.57,13.652857,12066.038229,13.8497572857
2011-07-20,37.11,6.185000,12072.223229,14.2811858571
2011-07-21,23.66,11.830000,12084.053229,15.2526144286
2011-07-22,41.58,10.395000,12094.448229,16.1404715714
2011-07-23,87.22,9.691111,12104.139340,12.4754874286
2011-07-24,72.93,18.232500,12122.371840,13.5642572857
2011-07-25,76.91,25.636667,12148.008507,13.6604478571
2011-07-26,43.87,8.774000,12156.782507,12.9634682857
2011-07-27,30.77,6.154000,12162.936507,12.9590397143
2011-07-28,132.43,12.039091,12174.975598,12.9889098571
2011-07-29,102.59,12.823750,12187.799348,13.3358741429
2011-07-30,89.47,17.894000,12205.693348,14.5077154286
2011-07-31,25.76,8.586667,12214.280015,13.1297392857
2011-08-01,123.67,20.611667,12234.891682,12.4118821429
2011-08-02,73.23,9.153750,12244.045432,12.4661321429
2011-08-03,14.24,4.746667,12248.792099,12.2650845714
2011-08-04,41.90,10.475000,12259.267099,12.0416430000
2011-08-05,129.13,16.141250,12275.408349,12.5155715714
2011-08-06,17.37,5.790000,12281.198349,10.7864287143
2011-08-07,71.48,14.296000,12295.494349,11.6020477143
2011-08-08,23.40,5.850000,12301.344349,9.4932381429
2011-08-09,15.71,5.236667,12306.581016,8.9336548571
2011-08-10,39.85,9.962500,12316.543516,9.6787738571
2011-08-11,49.03,12.257500,12328.801016,9.9334167143
2011-08-12,74.56,14.912000,12343.713016,9.7578095714
2011-08-13,61.87,10.311667,12354.024683,10.4037620000
2011-08-14,166.82,33.364000,12387.388683,13.1277620000
2011-08-15,82.72,13.786667,12401.175350,14.2615715714
2011-08-16,179.68,35.936000,12437.111350,18.6471905714
2011-08-17,173.77,28.961667,12466.073017,21.3613572857
2011-08-18,18.66,3.732000,12469.805017,20.1434287143
2011-08-19,20.41,4.082000,12473.887017,18.5962858571
2011-08-20,26.67,5.334000,12479.221017,17.8851905714
2011-08-21,22.07,5.517500,12484.738517,13.9071191429
2011-08-22,41.23,6.871667,12491.610184,12.9192620000
2011-08-23,122.28,15.285000,12506.895184,9.9691191429
2011-08-24,32.49,10.830000,12517.725184,7.3788810000
2011-08-25,5.98,2.990000,12520.715184,7.2728810000
2011-08-26,138.94,15.437778,12536.152962,8.8951350000
2011-08-27,51.04,7.291429,12543.444391,9.1747677143
2011-08-28,69.00,69.000000,12612.444391,18.2436962857
2011-08-29,70.19,35.095000,12647.539391,22.2756010000
2011-08-30,82.87,11.838571,12659.377962,21.7832540000
2011-08-31,15.59,7.795000,12667.172962,21.3496825714
2011-09-01,74.84,10.691429,12677.864391,22.4498867143
2011-09-02,95.88,19.176000,12697.040391,22.9839184286
2011-09-03,63.74,9.105714,12706.146105,23.2431020000
2011-09-04,102.12,11.346667,12717.492772,15.0069115714
2011-09-05,33.40,5.566667,12723.059439,10.7885782857
2011-09-06,37.81,6.301667,12729.361106,9.9975920000
2011-09-07,19.97,4.992500,12734.353606,9.5972348571
2011-09-08,25.18,5.036000,12739.389606,8.7893164286
2011-09-09,76.74,15.348000,12754.737606,8.2424592857
2011-09-10,5.84,2.920000,12757.657606,7.3587858571
2011-09-11,88.55,17.710000,12775.367606,8.2678334286
2011-09-12,202.20,20.220000,12795.587606,10.3611667143
2011-09-13,71.36,8.920000,12804.507606,10.7352142857
2011-09-14,48.59,6.073750,12810.581356,10.8896785714
2011-09-15,154.51,14.046364,12824.627720,12.1768734286
2011-09-16,38.48,6.413333,12831.041053,10.9004924286
2011-09-17,99.82,9.982000,12841.023053,11.9093495714
2011-09-19,55.09,18.363333,12859.386386,12.0026828571
2011-09-20,19.99,19.990000,12879.376386,11.9698257143
2011-09-21,82.72,10.340000,12889.716386,12.1726828571
2011-09-22,22.05,11.025000,12900.741386,12.8800042857
2011-09-23,47.84,7.973333,12908.714719,12.0124284286
2011-09-24,143.07,28.614000,12937.328719,15.1839522857
2011-09-25,23.62,4.724000,12942.052719,14.4328094286
2011-09-26,76.94,10.991429,12953.044148,13.3796802857
2011-09-27,46.46,15.486667,12968.530815,12.7363470000
2011-09-28,34.44,4.920000,12973.450815,11.9620612857
2011-09-29,4.90,4.900000,12978.350815,11.0870612857
2011-09-30,20.52,4.104000,12982.454815,10.5342994286
2011-10-01,117.23,14.653750,12997.108565,8.5399780000
2011-10-02,82.04,10.255000,13007.363565,9.3301208571
2011-10-03,80.14,20.035000,13027.398565,10.6220595714
2011-10-04,78.38,13.063333,13040.461898,10.2758690000
2011-10-05,24.31,6.077500,13046.539398,10.4412261429
2011-10-06,22.78,4.556000,13051.095398,10.3920832857
2011-10-07,10.48,3.493333,13054.588731,10.3048451429
2011-10-08,135.96,22.660000,13077.248731,11.4485951429
2011-10-09,27.81,4.635000,13081.883731,10.6457380000
2011-10-10,49.01,8.168333,13090.052064,8.9504998571
2011-10-11,1.99,1.990000,13092.042064,7.3685951429
2011-10-12,32.27,5.378333,13097.420397,7.2687141429
2011-10-13,20.03,6.676667,13104.097064,7.5716665714
2011-10-14,18.53,3.088333,13107.185397,7.5138094286
2011-10-15,32.09,8.022500,13115.207897,5.4227380000
2011-10-16,27.18,5.436000,13120.643897,5.5371665714
2011-10-17,26.46,6.615000,13127.258897,5.3152618571
2011-10-18,41.27,13.756667,13141.015564,6.9962142857
2011-10-19,88.96,17.792000,13158.807564,8.7695952857
2011-10-20,132.12,26.424000,13185.231564,11.5906428571
2011-10-21,130.39,16.298750,13201.530314,13.4778452857
2011-10-22,80.09,8.898889,13210.429203,13.6030437143
2011-10-23,60.16,8.594286,13219.023489,14.0542274286
2011-10-24,62.98,20.993333,13240.016822,16.1082750000
2011-10-25,8.13,8.130000,13248.146822,15.3044654286
2011-10-26,41.95,13.983333,13262.130155,14.7603701429
2011-10-27,18.64,3.728000,13265.858155,11.5180844286
2011-10-28,5.30,5.300000,13271.158155,9.9468344286
2011-10-29,260.55,28.950000,13300.108155,12.8112788571
2011-10-30,47.39,6.770000,13306.878155,12.5506665714
2011-10-31,8.95,2.237500,13309.115655,9.8712618571
2011-11-01,137.41,17.176250,13326.291905,11.1635832857
2011-11-02,18.57,6.190000,13332.481905,10.0502500000
2011-11-03,91.52,13.074286,13345.556191,11.3854337143
2011-11-04,140.66,17.582500,13363.138691,13.1400765714
2011-11-05,81.53,16.306000,13379.444691,11.3337908571
2011-11-06,61.91,5.159167,13384.603858,11.1036718571
2011-11-07,1.49,1.490000,13386.093858,10.9968861429
2011-11-08,167.01,20.876250,13406.970108,11.5254575714
2011-11-09,94.74,18.948000,13425.918108,13.3480290000
2011-11-10,27.52,3.931429,13429.849537,12.0419065714
2011-11-11,52.83,6.603750,13436.453287,10.4735137143
2011-11-12,182.73,18.273000,13454.726287,10.7545137143
2011-11-13,153.80,21.971429,13476.697716,13.1562654286
2011-11-14,85.14,10.642500,13487.340216,14.4637654286
2011-11-15,54.69,18.230000,13505.570216,14.0857297143
2011-11-16,7.20,2.400000,13507.970216,11.7217297143
2011-11-17,26.19,4.365000,13512.335216,11.7836684286
2011-11-18,99.15,14.164286,13526.499502,12.8637450000
2011-11-19,130.96,14.551111,13541.050613,12.3320465714
2011-11-20,129.41,14.378889,13555.429502,11.2473980000
2011-11-21,69.99,6.999000,13562.428502,10.7268980000
2011-11-22,15.13,7.565000,13569.993502,9.2033265714
2011-11-23,90.13,9.013000,13579.006502,10.1480408571
2011-11-24,153.65,19.206250,13598.212752,12.2682194286
2011-11-25,10.00,5.000000,13603.212752,10.9590357143
2011-11-26,139.53,27.906000,13631.118752,12.8668770000
2011-11-27,14.98,7.490000,13638.608752,11.8827500000
2011-11-28,56.65,11.330000,13649.938752,12.5014642857
2011-11-29,39.41,4.926250,13654.865002,12.1245000000
2011-11-30,15.57,3.892500,13658.757502,11.3930000000
2011-12-01,173.87,15.806364,13674.563866,10.9073020000
2011-12-02,57.62,11.524000,13686.087866,11.8393020000
2011-12-03,85.95,9.550000,13695.637866,9.2170162857
2011-12-04,73.35,8.150000,13703.787866,9.3113020000
2011-12-05,4.98,2.490000,13706.277866,8.0484448571
2011-12-06,78.17,8.685556,13714.963422,8.5854885714
2011-12-07,37.84,9.460000,13724.423422,9.3808457143
2011-12-08,27.81,6.952500,13731.375922,8.1160080000
2011-12-09,73.95,14.790000,13746.165922,8.5825794286
2011-12-10,58.49,9.748333,13755.914255,8.6109127143
2011-12-11,29.31,4.885000,13760.799255,8.1444841429
2011-12-12,120.25,13.361111,13774.160366,9.6975000000
2011-12-13,42.28,10.570000,13784.730366,9.9667062857
2011-12-14,49.48,24.740000,13809.470366,12.1495634286
2011-12-15,59.51,19.836667,13829.307033,13.9901587143
2011-12-16,94.02,31.340000,13860.647033,16.3544444286
2011-12-17,78.79,13.131667,13873.778700,16.8377778571
2011-12-18,130.46,14.495556,13888.274256,18.2107144286
2011-12-19,200.00,15.384615,13903.658871,18.4997864286
2011-12-20,48.86,6.107500,13909.766371,17.8622864286
2011-12-21,76.22,19.055000,13928.821371,17.0501435714
2011-12-22,109.08,10.908000,13939.729371,15.7746197143
2011-12-23,52.59,6.573750,13946.303121,12.2365840000
2011-12-24,49.20,24.600000,13970.903121,13.8749172857
2011-12-25,46.00,7.666667,13978.569788,12.8993617143
2011-12-26,64.02,16.005000,13994.574788,12.9879881429
2011-12-27,107.96,26.990000,14021.564788,15.9712024286
2011-12-28,52.92,13.230000,14034.794788,15.1390595714
2011-12-30,12.35,3.087500,14037.882288,14.0218452857
2011-12-31,97.49,8.124167,14046.006455,14.2433334286
2012-01-01,97.10,13.871429,14059.877884,12.7106804286
2012-01-02,67.46,6.746000,14066.623884,12.5791565714
2012-01-03,28.38,7.095000,14073.718884,11.3062994286
2012-01-04,163.96,27.326667,14101.045551,11.3543947143
2012-01-05,84.99,10.623750,14111.669301,10.9820732857
2012-01-06,152.80,25.466667,14137.135968,14.1790971429
2012-01-07,99.43,16.571667,14153.707635,15.3858828571
2012-01-08,151.22,18.902500,14172.610135,16.1046072857
2012-01-09,135.21,27.042000,14199.652135,19.0040358571
2012-01-10,23.02,4.604000,14204.256135,18.6481787143
2012-01-11,185.34,14.256923,14218.513058,16.7810724286
2012-01-12,111.69,18.615000,14237.128058,17.9226795714
2012-01-13,108.32,9.026667,14246.154725,15.5741081429
2012-01-14,118.75,23.750000,14269.904725,16.5995842857
2012-01-15,85.23,17.046000,14286.950725,16.3343700000
2012-01-16,39.97,13.323333,14300.274058,14.3745604286
2012-01-17,13.88,3.470000,14303.744058,14.2125604286
2012-01-18,21.42,4.284000,14308.028058,12.7878571429
2012-01-19,8.18,4.090000,14312.118058,10.7128571429
2012-01-20,116.59,12.954444,14325.072502,11.2739681429
2012-01-21,258.63,43.105000,14368.177502,14.0389681429
2012-01-22,48.24,9.648000,14377.825502,12.9821110000
2012-01-23,20.35,5.087500,14382.913002,11.8055634286
2012-01-24,66.41,8.301250,14391.214252,12.4957420000
2012-01-25,7.72,2.573333,14393.787585,12.2513610000
2012-01-26,9.03,9.030000,14402.817585,12.9570752857
2012-01-27,17.94,5.980000,14408.797585,11.9607261429
2012-01-28,29.15,5.830000,14414.627585,6.6357261429
2012-01-29,21.47,3.578333,14418.205918,5.7686308571
2012-01-30,8.82,4.410000,14422.615918,5.6718451429
2012-01-31,31.21,7.802500,14430.418418,5.6005951429
2012-02-01,27.10,13.550000,14443.968418,7.1686904286
2012-02-02,150.98,30.196000,14474.164418,10.1924047143
2012-02-03,17.97,8.985000,14483.149418,10.6216904286
2012-02-04,47.29,11.822500,14494.971918,11.4777618571
2012-02-05,45.56,15.186667,14510.158585,13.1360952857
2012-02-06,222.29,18.524167,14528.682752,15.1524048571
2012-02-08,129.43,12.943000,14541.625752,15.8867620000
2012-02-09,11.77,2.942500,14544.568252,14.3714048571
2012-02-10,109.16,12.128889,14556.697141,11.7903890000
2012-02-11,32.57,8.142500,14564.839641,11.6700318571
2012-02-12,139.43,17.428750,14582.268391,12.4709247143
2012-02-13,144.56,18.070000,14600.338391,12.8828294286
2012-02-14,33.93,6.786000,14607.124391,11.2059484286
2012-02-15,45.89,5.736250,14612.860641,10.1764127143
2012-02-16,131.71,18.815714,14631.676355,12.4440147143
2012-02-17,17.69,4.422500,14636.098855,11.3431020000
2012-02-18,117.13,10.648182,14646.747037,11.7010565714
2012-02-19,110.67,18.445000,14665.192037,11.8462351429
2012-02-20,23.12,4.624000,14669.816037,9.9253780000
2012-02-21,17.75,3.550000,14673.366037,9.4630922857
2012-02-22,21.37,7.123333,14680.489370,9.6612470000
2012-02-23,15.31,7.655000,14688.144370,8.0668592857
2012-02-24,35.54,8.885000,14697.029370,8.7043592857
2012-02-25,189.21,27.030000,14724.059370,11.0446190000
2012-02-26,36.22,12.073333,14736.132703,10.1343808571
2012-02-27,70.40,35.200000,14771.332703,14.5023808571
2012-02-29,224.29,20.390000,14791.722703,16.9080951429
2012-03-01,16.04,5.346667,14797.069370,16.6542857143
2012-03-02,65.70,8.212500,14805.281870,16.7339285714
2012-03-03,56.18,7.022500,14812.304370,16.4678571429
2012-03-04,31.33,5.221667,14817.526037,13.3523810000
2012-03-05,120.03,24.006000,14841.532037,15.0570477143
2012-03-06,42.95,21.475000,14863.007037,13.0963334286
2012-03-07,141.55,17.693750,14880.700787,12.7111548571
2012-03-08,38.45,5.492857,14886.193644,12.7320391429
2012-03-09,38.00,4.750000,14890.943644,12.2373962857
2012-03-10,90.04,22.510000,14913.453644,14.4498962857
2012-03-11,70.47,11.745000,14925.198644,15.3818010000
2012-03-12,223.68,27.960000,14953.158644,15.9466581429
2012-03-13,85.32,10.665000,14963.823644,14.4023724286
2012-03-14,40.99,13.663333,14977.486977,13.8265985714
2012-03-15,138.03,19.718571,14997.205548,15.8588434286
2012-03-16,95.25,13.607143,15010.812691,17.1241495714
2012-03-17,38.42,5.488571,15016.301262,14.6925168571
2012-03-18,38.80,4.850000,15021.151262,13.7075168571
2012-03-19,35.95,17.975000,15039.126262,12.2810882857
2012-03-20,45.50,6.500000,15045.626262,11.6860882857
2012-03-21,72.52,14.504000,15060.130262,11.8061835714
2012-03-22,16.38,5.460000,15065.590262,9.7692448571
2012-03-23,10.02,5.010000,15070.600262,8.5410815714
2012-03-24,43.21,6.172857,15076.773119,8.6388367143
2012-03-25,100.59,9.144545,15085.917664,9.2523431429
2012-03-26,26.47,5.294000,15091.211664,7.4407717143
2012-03-27,75.68,15.136000,15106.347664,8.6744860000
2012-03-28,162.49,23.212857,15129.560521,9.9186084286
2012-03-29,88.17,12.595714,15142.156235,10.9379961429
2012-03-30,262.66,16.416250,15158.572485,12.5674604286
2012-03-31,31.32,7.830000,15166.402485,12.8041951429
2012-04-01,47.27,11.817500,15178.219985,13.1860458571
2012-04-02,10.81,5.405000,15183.624985,13.2019030000
2012-04-03,82.49,10.311250,15193.936235,12.5126530000
2012-04-04,132.50,22.083333,15216.019568,12.3512924286
2012-04-05,2.32,1.160000,15217.179568,10.7176190000
2012-04-06,68.52,11.420000,15228.599568,10.0038690000
2012-04-07,22.68,5.670000,15234.269568,9.6952975714
2012-04-08,94.13,18.826000,15253.095568,10.6965118571
2012-04-09,131.17,26.234000,15279.329568,13.6720832857
2012-04-10,147.05,9.803333,15289.132901,13.5995237143
2012-04-11,123.78,30.945000,15320.077901,14.8654761429
2012-04-12,174.14,29.023333,15349.101234,18.8459522857
2012-04-13,48.80,8.133333,15357.234567,18.3764284286
2012-04-14,150.46,21.494286,15378.728853,20.6370407143
2012-04-15,223.88,15.991429,15394.720282,20.2321020000
2012-04-16,58.39,5.839000,15400.559282,17.3185305714
2012-04-17,63.74,15.935000,15416.494282,18.1944830000
2012-04-18,63.39,7.043333,15423.537615,14.7799591429
2012-04-19,16.31,5.436667,15428.974282,11.4104354286
2012-04-20,52.18,13.045000,15442.019282,12.1121021429
2012-04-21,23.67,5.917500,15447.936782,9.8868470000
2012-04-22,39.08,7.816000,15455.752782,8.7189285714
2012-04-24,64.97,8.121250,15463.874032,9.0449642857
2012-04-25,69.00,9.857143,15473.731175,8.1766990000
2012-04-26,17.86,2.551429,15476.282604,7.5349984286
2012-04-27,162.59,13.549167,15489.831771,8.6939270000
2012-04-28,26.33,5.266000,15495.097771,7.5826412857
2012-04-29,75.79,8.421111,15503.518882,7.9403000000
2012-04-30,9.77,4.885000,15508.403882,7.5215857143
2012-05-01,129.19,16.148750,15524.552632,8.6683714286
2012-05-02,23.38,7.793333,15532.345965,8.3735414286
2012-05-03,144.27,13.115455,15545.461420,9.8826880000
2012-05-04,41.78,10.445000,15555.906420,9.4392355714
2012-05-05,13.63,6.815000,15562.721420,9.6605212857
2012-05-06,17.20,8.600000,15571.321420,9.6860768571
2012-05-07,82.36,13.726667,15585.048087,10.9491721429
2012-05-08,44.15,6.307143,15591.355230,9.5432282857
2012-05-09,30.49,10.163333,15601.518563,9.8817997143
2012-05-10,44.84,11.210000,15612.728563,9.6095918571
2012-05-11,36.83,6.138333,15618.866896,8.9943537143
2012-05-12,67.01,16.752500,15635.619396,10.4139965714
2012-05-13,86.28,8.628000,15644.247396,10.4179965714
2012-05-14,165.23,13.769167,15658.016563,10.4240680000
2012-05-15,181.36,20.151111,15678.167674,12.4017777143
2012-05-16,1.20,1.200000,15679.367674,11.1213015714
2012-05-17,43.55,8.710000,15688.077674,10.7641587143
2012-05-18,5.14,5.140000,15693.217674,10.6215397143
2012-05-19,85.31,10.663750,15703.881424,9.7517182857
2012-05-20,49.25,7.035714,15710.917138,9.5242488571
2012-05-21,55.72,13.930000,15724.847138,9.5472250000
2012-05-22,69.45,9.921429,15734.768567,8.0858418571
2012-05-23,37.33,7.466000,15742.234567,8.9809847143
2012-05-24,27.59,9.196667,15751.431234,9.0505085714
2012-05-25,41.48,8.296000,15759.727234,9.5013657143
2012-05-26,76.90,12.816667,15772.543901,9.8089252857
2012-05-27,181.10,12.935714,15785.479615,10.6517824286
2012-05-28,80.54,13.423333,15798.902948,10.5794014286
2012-05-29,176.30,17.630000,15816.532948,11.6806258571
2012-05-30,31.70,4.528571,15821.061519,11.2609931429
2012-05-31,121.32,17.331429,15838.392948,12.4231020000
2012-06-01,80.53,11.504286,15849.897234,12.8814285714
2012-06-02,47.84,11.960000,15861.857234,12.7590475714
2012-06-03,28.10,5.620000,15867.477234,11.7139455714
2012-06-04,159.53,17.725556,15885.202790,12.3285488571
2012-06-05,197.79,19.779000,15904.981790,12.6355488571
2012-06-06,107.56,26.890000,15931.871790,15.8300387143
2012-06-07,14.86,4.953333,15936.825123,14.0617392857
2012-06-08,28.40,3.550000,15940.375123,12.9254127143
2012-06-09,102.55,14.650000,15955.025123,13.3096984286
2012-06-10,198.89,19.889000,15974.914123,15.3481270000
2012-06-11,41.61,10.402500,15985.316623,14.3019761429
2012-06-12,66.65,22.216667,16007.533290,14.6502142857
2012-06-13,23.13,7.710000,16015.243290,11.9102142857
2012-06-14,125.28,15.660000,16030.903290,13.4397381429
2012-06-15,46.35,15.450000,16046.353290,15.1397381429
2012-06-16,27.33,6.832500,16053.185790,14.0229524286
2012-06-17,124.32,24.864000,16078.049790,14.7336667143
2012-06-18,14.25,7.125000,16085.174790,14.2654524286
2012-06-19,64.55,8.068750,16093.243540,12.2443214286
2012-06-20,78.93,15.786000,16109.029540,13.3980357143
2012-06-21,88.73,14.788333,16123.817873,13.2735118571
2012-06-22,7.51,7.510000,16131.327873,12.1392261429
2012-06-23,69.60,17.400000,16148.727873,13.6488690000
2012-06-24,8.99,8.990000,16157.717873,11.3811547143
2012-06-25,9.57,4.785000,16162.502873,11.0468690000
2012-06-26,39.78,13.260000,16175.762873,11.7884761429
2012-06-27,82.30,20.575000,16196.337873,12.4726190000
2012-06-28,69.15,9.878571,16206.216444,11.7712244286
2012-06-29,79.75,13.291667,16219.508111,12.5971768571
2012-06-30,96.63,12.078750,16231.586861,11.8369982857
2012-07-01,69.58,11.596667,16243.183528,12.2093792857
2012-07-02,111.42,15.917143,16259.100671,13.7996854286
2012-07-03,124.99,31.247500,16290.348171,16.3693282857
2012-07-04,23.10,4.620000,16294.968171,14.0900425714
2012-07-05,157.08,15.708000,16310.676171,14.9228181429
2012-07-06,63.03,10.505000,16321.181171,14.5247228571
2012-07-07,10.03,5.015000,16326.196171,13.5156157143
2012-07-08,168.10,18.677778,16344.873949,14.5272030000
2012-07-09,121.60,20.266667,16365.140616,15.1485635714
2012-07-10,17.34,3.468000,16368.608616,11.1800635714
2012-07-11,7.40,3.700000,16372.308616,11.0486350000
2012-07-12,44.40,11.100000,16383.408616,10.3903492857
2012-07-13,77.06,19.265000,16402.673616,11.6417778571
2012-07-14,71.86,8.982500,16411.656116,12.2085635714
2012-07-15,24.64,8.213333,16419.869449,10.7136428571
2012-07-16,35.04,7.008000,16426.877449,8.8195475714
2012-07-17,38.76,4.845000,16431.722449,9.0162618571
2012-07-18,107.91,26.977500,16458.699949,12.3416190000
2012-07-19,23.70,3.950000,16462.649949,11.3201904286
2012-07-20,93.35,15.558333,16478.208282,10.7906665714
2012-07-21,48.19,16.063333,16494.271615,11.8022141429
2012-07-22,213.42,19.401818,16513.673433,13.4005691429
2012-07-23,77.05,15.410000,16529.083433,14.6008548571
2012-07-24,15.68,15.680000,16544.763433,16.1487120000
2012-07-25,174.87,19.430000,16564.193433,15.0704977143
2012-07-26,0.94,0.940000,16565.133433,14.6404977143
2012-07-27,31.55,6.310000,16571.443433,13.3193072857
2012-07-28,142.43,28.486000,16599.929433,15.0939740000
2012-07-29,49.90,16.633333,16616.562766,14.6984761429
2012-07-30,11.14,3.713333,16620.276099,13.0275237143
2012-07-31,76.27,10.895714,16631.171813,12.3440542857
2012-08-01,192.97,19.297000,16650.468813,12.3250542857
2012-08-02,94.68,18.936000,16669.404813,14.8959114286
2012-08-03,34.24,5.706667,16675.111480,14.8097210000
2012-08-04,20.69,10.345000,16685.456480,12.2181495714
2012-08-05,147.77,13.433636,16698.890116,11.7610500000
2012-08-06,20.12,4.024000,16702.914116,11.8054310000
2012-08-07,24.49,24.490000,16727.404116,13.7474718571
2012-08-08,76.90,19.225000,16746.629116,13.7371861429
2012-08-09,110.91,18.485000,16765.114116,13.6727575714
2012-08-10,106.91,10.691000,16775.805116,14.3848051429
2012-08-11,20.80,4.160000,16779.965116,13.5012337143
2012-08-12,18.20,9.100000,16789.065116,12.8821428571
2012-08-13,72.34,9.042500,16798.107616,13.5990714286
2012-08-14,253.33,28.147778,16826.255394,14.1216111429
2012-08-15,104.28,17.380000,16843.635394,13.8580397143
2012-08-16,74.04,14.808000,16858.443394,13.3327540000
2012-08-17,60.43,10.071667,16868.515061,13.2442778571
2012-08-18,143.70,14.370000,16882.885061,14.7028492857
2012-08-19,5.99,2.995000,16885.880061,13.8307064286
2012-08-20,103.04,12.880000,16898.760061,14.3789207143
2012-08-21,86.56,12.365714,16911.125775,12.1243401429
2012-08-22,102.39,14.627143,16925.752918,11.7310748571
2012-08-23,52.44,6.555000,16932.307918,10.5520748571
2012-08-24,74.33,10.618571,16942.926489,10.6302040000
2012-08-25,29.32,7.330000,16950.256489,9.6244897143
2012-08-26,15.68,15.680000,16965.936489,11.4366325714
2012-08-27,19.22,9.610000,16975.546489,10.9694897143
2012-08-28,83.20,10.400000,16985.946489,10.6886734286
2012-08-29,59.98,14.995000,17000.941489,10.7412244286
2012-08-30,114.78,12.753333,17013.694822,11.6267005714
2012-08-31,50.78,7.254286,17020.949108,11.1460884286
2012-09-01,68.23,13.646000,17034.595108,12.0483741429
2012-09-02,59.38,6.597778,17041.192886,10.7509138571
2012-09-03,166.58,33.316000,17074.508886,14.1374852857
2012-09-04,8.99,8.990000,17083.498886,13.9360567143
2012-09-05,162.37,10.824667,17094.323553,13.3402948571
2012-09-06,159.03,14.457273,17108.780826,13.5837148571
2012-09-07,30.64,5.106667,17113.887493,13.2769121429
2012-09-08,48.81,12.202500,17126.089993,13.0706978571
2012-09-09,190.30,17.300000,17143.389993,14.5995867143
2012-09-10,114.16,16.308571,17159.698564,12.1699540000
2012-09-11,25.69,8.563333,17168.261897,12.1090015714
2012-09-12,98.84,24.710000,17192.971897,14.0926205714
2012-09-13,14.98,7.490000,17200.461897,13.0972958571
2012-09-14,101.97,9.270000,17209.731897,13.6920577143
2012-09-15,122.94,17.562857,17227.294754,14.4578230000
2012-09-16,64.64,9.234286,17236.529040,13.3055781429
2012-09-17,67.05,9.578571,17246.107611,12.3441495714
2012-09-18,98.93,10.992222,17257.099833,12.6911337143
2012-09-19,99.72,9.972000,17267.071833,10.5857051429
2012-09-20,206.20,34.366667,17301.438500,14.4252290000
2012-09-21,43.29,7.215000,17308.653500,14.1316575714
2012-09-22,89.60,11.200000,17319.853500,13.2226780000
2012-09-23,67.83,13.566000,17333.419500,13.8414942857
2012-09-24,62.48,10.413333,17343.832833,13.9607460000
2012-09-25,90.54,9.054000,17352.886833,13.6838571429
2012-09-26,76.21,15.242000,17368.128833,14.4367142857
2012-09-27,14.33,4.776667,17372.905500,10.2095714286
2012-09-28,8.50,2.833333,17375.738833,9.5836190000
2012-09-29,0.70,0.700000,17376.438833,8.0836190000
2012-09-30,45.04,9.008000,17385.446833,7.4324761429
2012-10-01,107.54,15.362857,17400.809690,8.1395510000
2012-10-02,17.36,4.340000,17405.149690,7.4661224286
2012-10-03,21.98,7.326667,17412.476357,6.3353605714
2012-10-04,88.58,11.072500,17423.548857,7.2347652857
2012-10-05,48.20,9.640000,17433.188857,8.2071462857
2012-10-06,39.59,9.897500,17443.086357,9.5210748571
2012-10-07,111.76,15.965714,17459.052071,10.5150340000
2012-10-08,48.76,24.380000,17483.432071,11.8031972857
2012-10-09,85.32,17.064000,17500.496071,13.6209115714
2012-10-10,17.93,5.976667,17506.472738,13.4280544286
2012-10-11,51.58,10.316000,17516.788738,13.3199830000
2012-10-12,220.15,27.518750,17544.307488,15.8740901429
2012-10-13,89.77,12.824286,17557.131774,16.2922024286
2012-10-14,22.61,7.536667,17564.668441,15.0880528571
2012-10-15,1.75,0.875000,17565.543441,11.7301957143
2012-10-16,50.69,12.672500,17578.215941,11.1028385714
2012-10-17,30.31,7.577500,17585.793441,11.3315290000
2012-10-18,13.93,3.482500,17589.275941,10.3553147143
2012-10-19,116.09,16.584286,17605.860227,8.7932484286
2012-10-20,137.57,13.757000,17619.617227,8.9264932857
2012-10-21,34.99,4.998571,17624.615798,8.5639081429
2012-10-22,28.40,4.733333,17629.349131,9.1150985714
2012-10-23,92.35,13.192857,17642.541988,9.1894352857
2012-10-24,24.99,4.998000,17647.539988,8.8209352857
2012-10-25,71.30,17.825000,17665.364988,10.8698638571
2012-10-26,160.45,17.827778,17683.192766,11.0475055714
2012-10-27,17.72,3.544000,17686.736766,9.5885055714
2012-10-28,88.85,12.692857,17699.429623,10.6876892857
2012-10-29,123.81,20.635000,17720.064623,12.9593560000
2012-10-30,49.34,7.048571,17727.113194,12.0816008571
2012-10-31,170.59,15.508182,17742.621376,13.5830554286
2012-11-01,69.07,23.023333,17765.644709,14.3256744286
2012-11-02,105.28,17.546667,17783.191376,14.2855157143
2012-11-03,113.73,11.373000,17794.564376,15.4039442857
2012-11-04,35.32,4.415000,17798.979376,14.2213932857
2012-11-05,41.59,5.941429,17804.920805,12.1223117143
2012-11-06,34.27,5.711667,17810.632472,11.9313254286
2012-11-07,117.59,11.759000,17822.391472,11.3957280000
2012-11-08,123.42,24.684000,17847.075472,11.6329661429
2012-11-09,19.38,6.460000,17853.535472,10.0491565714
2012-11-10,42.69,8.538000,17862.073472,9.6441565714
2012-11-11,110.79,18.465000,17880.538472,11.6512994286
2012-11-12,99.85,9.985000,17890.523472,12.2289524286
2012-11-13,34.93,6.986000,17897.509472,12.4110000000
2012-11-14,59.44,9.906667,17907.416139,12.1463810000
2012-11-15,100.11,25.027500,17932.443639,12.1954524286
2012-11-16,34.78,8.695000,17941.138639,12.5147381429
2012-11-17,8.00,4.000000,17945.138639,11.8664524286
2012-11-18,9.37,9.370000,17954.508639,10.5671667143
2012-11-19,145.69,48.563333,18003.071972,16.0783571429
2012-11-20,127.09,14.121111,18017.193083,17.0976587143
2012-11-21,39.93,9.982500,18027.175583,17.1084920000
2012-11-22,11.98,5.990000,18033.165583,14.3888491429
2012-11-23,91.72,30.573333,18063.738916,17.5143252857
2012-11-24,87.01,87.010000,18150.748916,29.3728967143
2012-11-25,143.11,35.777500,18186.526416,33.1453967143
2012-11-26,90.96,18.192000,18204.718416,28.8066348571
2012-11-27,29.03,4.147143,18208.865559,27.3817822857
2012-11-28,8.13,2.032500,18210.898059,26.2460680000
2012-11-29,86.27,12.324286,18223.222345,27.1509660000
2012-11-30,61.28,10.213333,18233.435678,24.2423945714
2012-12-01,264.05,22.004167,18255.439845,14.9558470000
2012-12-02,71.39,10.198571,18265.638416,11.3017142857
2012-12-03,31.83,6.366000,18272.004416,9.6122857143
2012-12-04,112.59,18.765000,18290.769416,11.7005510000
2012-12-05,95.35,9.535000,18300.304416,12.7723367143
2012-12-06,157.50,15.750000,18316.054416,13.2617244286
2012-12-07,150.55,16.727778,18332.782194,14.1923594286
2012-12-08,92.80,10.311111,18343.093305,12.5219228571
2012-12-09,197.42,16.451667,18359.544972,13.4152222857
2012-12-10,49.19,24.595000,18384.139972,16.0193651429
2012-12-11,49.58,7.082857,18391.222829,14.3504875714
2012-12-12,145.66,12.138333,18403.361162,14.7223922857
2012-12-13,161.05,16.105000,18419.466162,14.7731065714
2012-12-14,53.21,13.302500,18432.768662,14.2837811429
2012-12-15,65.50,32.750000,18465.518662,17.4893367143
2012-12-16,22.85,4.570000,18470.088662,15.7919557143
2012-12-17,15.88,3.176000,18473.264662,12.7320985714
2012-12-18,61.68,12.336000,18485.600662,13.4825475714
2012-12-19,18.51,4.627500,18490.228162,12.4095714286
2012-12-20,14.45,3.612500,18493.840662,10.6249285714
2012-12-21,23.03,11.515000,18505.355662,10.3695714286
2012-12-22,118.81,14.851250,18520.206912,7.8126071429
2012-12-23,43.21,14.403333,18534.610245,9.2173690000
2012-12-24,64.12,32.060000,18566.670245,13.3436547143
2012-12-25,26.30,26.300000,18592.970245,15.3385118571
2012-12-26,90.59,15.098333,18608.068578,16.8343451429
2012-12-27,13.00,4.333333,18612.401911,16.9373212857
2012-12-28,99.85,14.264286,18626.666197,17.3300764286
2012-12-29,119.72,19.953333,18646.619530,18.0589454286
2012-12-30,201.90,14.421429,18661.040959,18.0615305714
